Temporada;Codigo linea;Descripcion linea;Tipo dia;Sentido;Horas de salida
Invierno 2014-2015;01;ARANGOITI - PLAZA BIRIBILA;Laborables;Gran Via  - Arangoiti hasta Buenavista;06:15,06:30,06:45,07:00,07:15,07:30,07:45,08:00,08:15,08:30,08:45,09:00,09:15,09:30,09:45,10:00,10:15,10:30,10:45,11:00,11:15,11:30,11:45,12:00,12:15,12:30,12:45,13:00,13:15,13:30,13:45,14:00,14:15,14:30,14:45,15:00,15:15,15:30,15:45,16:00,16:15,16:30,16:45,17:00,17:15,17:30,17:45,18:00,18:15,18:30,18:45,19:00,19:15,19:30,19:45,20:00,20:15,20:30,20:45,21:00,21:15,21:30,21:45,22:00
Invierno 2014-2015;01;ARANGOITI - PLAZA BIRIBILA;Laborables;Gran Via - Arangoiti;06:30,07:30,08:30,09:30,10:30,11:30,12:30,13:30,14:30,15:30,16:30,17:30,18:30,19:30,20:30,21:30,22:30
Invierno 2014-2015;01;ARANGOITI - PLAZA BIRIBILA;S庚ados;Arangoiti - Gran Via;06:45,07:00,07:15,07:45,08:00,08:15,08:45,09:00,09:15,09:45,10:00,10:15,10:45,11:00,11:15,11:45,12:00,12:15,12:45,13:00,13:15,13:45,14:00,14:15,14:45,15:00,15:15,15:45,16:00,16:15,16:45,17:00,17:15,17:45,18:00,18:15,18:45,19:00,19:15,19:45,20:00,20:15,20:45,21:00,21:15,21:45,22:00,22:15
Invierno 2014-2015;01;ARANGOITI - PLAZA BIRIBILA;S庚ados;Gran Via  - Arangoiti hasta Buenavista;06:30,07:00,07:30,08:00,08:30,09:00,09:30,10:00,10:30,11:00,11:30,12:00,12:30,13:00,13:30,14:00,14:30,15:00,15:30,16:00,16:30,17:00,17:30,18:00,18:30,19:00,19:30,20:00,20:30,21:00,21:30,22:00,22:30
Invierno 2014-2015;01;ARANGOITI - PLAZA BIRIBILA;S庚ados;Gran Via - Arangoiti;07:30,08:30,09:30,10:30,11:30,12:30,13:30,14:30,15:30,16:30,17:30,18:30,19:30,20:30,21:30,22:30
Invierno 2014-2015;01;ARANGOITI - PLAZA BIRIBILA;Festivos y Domingos;Arangoiti - Gran Via;07:00,08:00,09:00,10:00,11:00,12:00,13:00,14:00,15:00,16:00,17:00,18:00,19:00,20:00,21:00,22:00
Invierno 2014-2015;01;ARANGOITI - PLAZA BIRIBILA;Festivos y Domingos;Gran Via  - Arangoiti hasta Buenavista;07:30,08:00,08:30,09:00,09:30,10:00,10:30,11:00,11:30,12:00,12:30,13:00,13:30,14:00,14:30,15:00,15:30,16:00,16:30,17:00,17:30,18:00,18:30,19:00,19:30,20:00,20:30,21:00,21:30,22:00,22:30
Invierno 2014-2015;01;ARANGOITI - PLAZA BIRIBILA;Festivos y Domingos;Gran Via - Arangoiti;08:00,08:30,09:00,09:30,10:00,10:30,11:00,11:30,12:00,12:30,13:00,13:30,14:00,14:30,15:00,15:30,16:00,16:30,17:00,17:30,18:00,18:30,19:00,19:30,20:00,20:30,21:00,21:30,22:00,22:30
Invierno 2014-2015;03;PLAZA BIRIBILA - OTXARKOAGA;Laborables;Plaza Biribila/GV  - Otxarkoaga;08:00,09:00,10:00,11:00,12:00,13:00,14:00,15:00,16:00,17:00,18:00,19:00,20:00,21:00,22:00
Invierno 2014-2015;03;PLAZA BIRIBILA - OTXARKOAGA;Laborables;Otxarkoaga - Plaza Biribila/GV;05:20,05:40,06:00,06:20,06:40,07:00,07:15,07:25,07:35,07:45,07:55,08:05,08:15,08:25,08:35,08:45,08:55,09:05,09:15,09:25,09:35,09:45,09:55,10:05,10:15,10:25,10:35,10:45,10:55,11:05,11:15,11:25,11:35,11:45,11:55,12:05,12:15,12:25,12:35,12:45,12:55,13:05,13:15,13:25,13:35,13:45,13:55,14:05,14:15,14:25,14:35,14:45,14:55,15:05,15:15,15:25,15:35,15:45,15:55,16:05,16:15,16:25,16:35,16:45,16:55,17:05,17:15,17:25,17:35,17:45,17:55,18:05,18:15,18:25,18:35,18:45,18:55,19:05,19:15,19:25,19:35,19:45,19:55,20:05,20:15,20:25,20:35,20:45,20:55,21:05,21:15,21:25,21:35,21:45,21:55,22:05,22:20,22:40,23:00,23:30,00:00
Invierno 2014-2015;03;PLAZA BIRIBILA - OTXARKOAGA;S庚ados;Plaza Biribila/GV  - Otxarkoaga;05:00,05:20,05:40,06:00,06:20,06:40,06:50,07:00,07:10,07:20,07:30,07:40,07:50,08:00,08:10,08:20,08:30,08:40,08:50,09:00,09:10,09:20,09:30,09:40,09:50,10:00,10:10,10:20,10:30,10:40,10:50,11:00,11:10,11:20,11:30,11:40,11:50,12:00,12:10,12:20,12:30,12:40,12:50,13:00,13:10,13:20,13:30,13:40,13:50,14:00,14:10,14:20,14:30,14:40,14:50,15:00,15:10,15:20,15:30,15:40,15:50,16:00,16:10,16:20,16:30,16:40,16:50,17:00,17:10,17:20,17:30,17:40,17:50,18:00,18:10,18:20,18:30,18:40,18:50,19:00,19:10,19:20,19:30,19:40,19:50,20:00,20:10,20:20,20:30,20:40,20:50,21:00,21:10,21:20,21:30,21:40,21:50,22:05,22:20,22:40,23:00,23:30
Invierno 2014-2015;03;PLAZA BIRIBILA - OTXARKOAGA;S庚ados;Otxarkoaga - Plaza Biribila/GV;06:00,06:40,07:20,07:40,08:00,08:20,08:32,08:45,09:00,09:15,09:30,09:45,10:00,10:15,10:30,10:45,11:00,11:15,11:30,11:45,12:00,12:15,12:30,12:45,13:00,13:15,13:30,13:45,14:00,14:15,14:30,14:45,15:00,15:15,15:30,15:45,16:00,16:15,16:32,16:44,16:56,17:08,17:20,17:32,17:44,17:56,18:08,18:20,18:32,18:44,18:56,19:08,19:20,19:32,19:44,19:56,20:08,20:20,20:32,20:44,20:56,21:08,21:20,21:32,21:44,22:00,22:20,22:40,23:00,23:20,23:40,00:00
Invierno 2014-2015;03;PLAZA BIRIBILA - OTXARKOAGA;Festivos y Domingos;Plaza Biribila/GV  - Otxarkoaga;05:40,06:20,07:00,07:20,07:40,08:00,08:20,08:40,08:55,09:10,09:25,09:40,09:55,10:10,10:25,10:40,10:55,11:10,11:25,11:40,11:55,12:10,12:25,12:40,12:55,13:10,13:25,13:40,13:55,14:10,14:25,14:40,14:55,15:10,15:25,15:40,15:55,16:10,16:22,16:34,16:46,16:58,17:10,17:22,17:34,17:46,17:58,18:10,18:22,18:34,18:46,18:58,19:10,19:22,19:34,19:46,19:58,20:10,20:22,20:34,20:46,20:58,21:10,21:22,21:34,21:46,22:00,22:20,22:40,23:00,23:20,23:40
Invierno 2014-2015;03;PLAZA BIRIBILA - OTXARKOAGA;Festivos y Domingos;Otxarkoaga - Plaza Biribila/GV;07:40,08:00,08:20,08:32,08:45,09:00,09:15,09:30,09:45,10:00,10:15,10:30,10:45,11:00,11:15,11:30,11:45,12:00,12:15,12:30,12:45,13:00,13:15,13:30,13:45,14:00,14:15,14:30,14:45,15:00,15:15,15:30,15:45,16:00,16:15,16:32,16:44,16:56,17:08,17:20,17:32,17:44,17:56,18:08,18:20,18:32,18:44,18:56,19:08,19:20,19:32,19:44,19:56,20:08,20:20,20:32,20:44,20:56,21:08,21:20,21:32,21:44,22:00,22:20,22:40,23:00,23:20,23:40,00:00
Invierno 2014-2015;10;ELORRIETA - PLAZA BIRIBILA;Laborables;Elorrieta - Gran Via;07:20,07:40,08:00,08:20,08:40,08:55,09:10,09:25,09:40,09:55,10:10,10:25,10:40,10:55,11:10,11:25,11:40,11:55,12:10,12:25,12:40,12:55,13:10,13:25,13:40,13:55,14:10,14:25,14:40,14:55,15:10,15:25,15:40,15:55,16:10,16:22,16:34,16:46,16:58,17:10,17:22,17:34,17:46,17:58,18:10,18:22,18:34,18:46,18:58,19:10,19:22,19:34,19:46,19:58,20:10,20:22,20:34,20:46,20:58,21:10,21:22,21:34,21:46,22:00,22:20,22:40,23:00,23:20,23:40
Invierno 2014-2015;10;ELORRIETA - PLAZA BIRIBILA;Laborables;Gran Via - Elorrieta;06:15,06:30,06:45,07:00,07:15,07:30,07:45,08:00,08:15,08:30,08:45,09:00,09:15,09:30,09:45,10:00,10:15,10:30,10:45,11:00,11:15,11:30,11:45,12:00,12:15,12:30,12:45,13:00,13:15,13:30,13:45,14:00,14:15,14:30,14:45,15:00,15:15,15:30,15:45,16:00,16:15,16:30,16:45,17:00,17:15,17:30,17:45,18:00,18:15,18:30,18:45,19:00,19:15,19:30,19:45,20:00,20:15,20:30,20:45,21:00,21:15,21:30,21:45,22:00,22:15
Invierno 2014-2015;10;ELORRIETA - PLAZA BIRIBILA;S庚ados;Elorrieta - Gran Via;06:40,06:55,07:10,07:25,07:40,07:55,08:10,08:25,08:40,08:55,09:10,09:25,09:40,09:55,10:10,10:25,10:40,10:55,11:10,11:25,11:40,11:55,12:10,12:25,12:40,12:55,13:10,13:25,13:40,13:55,14:10,14:25,14:40,14:55,15:10,15:25,15:40,15:55,16:10,16:25,16:40,16:55,17:10,17:25,17:40,17:55,18:10,18:25,18:40,18:55,19:10,19:25,19:40,19:55,20:10,20:25,20:40,20:55,21:10,21:25,21:40,21:55,22:10,22:30
Invierno 2014-2015;10;ELORRIETA - PLAZA BIRIBILA;S庚ados;Gran Via - Elorrieta;07:15,07:45,08:15,08:45,09:15,09:45,10:15,10:45,11:15,11:45,12:15,12:45,13:15,13:45,14:15,14:45,15:15,15:45,16:15,16:45,17:15,17:45,18:15,18:45,19:15,19:45,20:15,20:45,21:15,21:45,22:15,22:45
Invierno 2014-2015;10;ELORRIETA - PLAZA BIRIBILA;Festivos y Domingos;Elorrieta - Gran Via;07:15,07:45,08:15,08:45,09:15,09:45,10:15,10:45,11:15,11:45,12:15,12:45,13:15,13:45,14:15,14:45,15:15,15:45,16:15,16:45,17:15,17:45,18:15,18:45,19:15,19:45,20:15,20:45,21:15,21:45,22:15,22:45
Invierno 2014-2015;10;ELORRIETA - PLAZA BIRIBILA;Festivos y Domingos;Gran Via - Elorrieta;08:15,08:45,09:15,09:45,10:15,10:45,11:15,11:45,12:15,12:45,13:15,13:45,14:15,14:45,15:15,15:45,16:15,16:45,17:15,17:45,18:15,18:45,19:15,19:45,20:15,20:45,21:15,21:45,22:15,22:45
Invierno 2014-2015;11;DEUSTU - ATXURI;Laborables;Deustu - Atxuri;08:15,08:45,09:15,09:45,10:15,10:45,11:15,11:45,12:15,12:45,13:15,13:45,14:15,14:45,15:15,15:45,16:15,16:45,17:15,17:45,18:15,18:45,19:15,19:45,20:15,20:45,21:15,21:45,22:15,22:45
Invierno 2014-2015;11;DEUSTU - ATXURI;Laborables;Atxuri - Deustu;06:15,06:45,07:15,07:45,08:15,08:45,09:15,09:45,10:15,10:45,11:15,11:45,12:15,12:45,13:15,13:45,14:15,14:45,15:15,15:45,16:15,16:45,17:15,17:45,18:15,18:45,19:15,19:45,20:15,20:45,21:15,21:45,22:15
Invierno 2014-2015;11;DEUSTU - ATXURI;Laborables;Atxuri-Zorrotzaurre;06:15,06:45,07:15,07:45,08:15,08:45,09:15,09:45,10:15,10:45,11:15,11:45,12:15,12:45,13:15,13:45,14:15,14:45,15:15,15:45,16:15,16:45,17:15,17:45,18:15,18:45,19:15,19:45,20:15,20:45,21:15,21:45,22:15
Invierno 2014-2015;11;DEUSTU - ATXURI;S庚ados;Deustu - Atxuri;05:30
Invierno 2014-2015;11;DEUSTU - ATXURI;S庚ados;Atxuri - Deustu;07:15,08:15,09:15,10:15,11:15,12:15,13:15,14:15,15:15,16:15,17:15,18:15,19:15,20:15,21:15,22:15
Invierno 2014-2015;11;DEUSTU - ATXURI;Festivos y Domingos;Deustu - Atxuri;07:45,08:45,09:45,10:45,11:45,12:45,13:45,14:45,15:45,16:45,17:45,18:45,19:45,20:45,21:45,22:45
Invierno 2014-2015;11;DEUSTU - ATXURI;Festivos y Domingos;Atxuri - Deustu;07:15,08:15,09:15,10:15,11:15,12:15,13:15,14:15,15:15,16:15,17:15,18:15,19:15,20:15,21:15,22:15
Invierno 2014-2015;13;SAN IGNAZIO - TXURDINAGA;Laborables;San Ignazio - Txurdinaga;07:45,08:45,09:45,10:45,11:45,12:45,13:45,14:45,15:45,16:45,17:45,18:45,19:45,20:45,21:45,22:45
Invierno 2014-2015;13;SAN IGNAZIO - TXURDINAGA;Laborables;Txurdinaga -San Ignazio;06:45,07:00,07:15,07:30,07:45,08:00,08:15,08:30,08:45,09:00,09:15,09:30,09:45,10:00,10:15,10:30,10:45,11:00,11:15,11:30,11:45,12:00,12:15,12:30,12:45,13:00,13:15,13:30,13:45,14:00,14:15,14:30,14:45,15:00,15:15,15:30,15:45,16:00,16:15,16:30,16:45,17:00,17:15,17:30,17:45,18:00,18:15,18:30,18:45,19:00,19:15,19:30,19:45,20:00,20:15,20:30,20:45,21:00,21:15,21:30,21:45,22:00,22:15,22:30,22:45
Invierno 2014-2015;13;SAN IGNAZIO - TXURDINAGA;S庚ados;San Ignazio - Txurdinaga;06:50,07:00,07:15,07:30,07:45,08:00,08:15,08:30,08:45,09:00,09:15,09:30,09:45,10:00,10:15,10:30,10:45,11:00,11:15,11:30,11:45,12:00,12:15,12:30,12:45,13:00,13:15,13:30,13:45,14:00,14:15,14:30,14:45,15:00,15:15,15:30,15:45,16:00,16:15,16:30,16:45,17:00,17:15,17:30,17:45,18:00,18:15,18:30,18:45,19:00,19:15,19:30,19:45,20:00,20:15,20:30,20:45,21:00,21:15,21:30,21:45,22:00,22:15,22:30,22:45
Invierno 2014-2015;13;SAN IGNAZIO - TXURDINAGA;S庚ados;Txurdinaga -San Ignazio;07:00,07:20,07:40,08:00,08:20,08:40,09:00,09:20,09:40,10:00,10:20,10:40,11:00,11:20,11:40,12:00,12:20,12:40,13:00,13:20,13:40,14:00,14:20,14:40,15:00,15:20,15:40,16:00,16:20,16:40,17:00,17:20,17:40,18:00,18:20,18:40,19:00,19:20,19:40,20:00,20:20,20:40,21:00,21:20,21:40,22:00,22:20,22:40
Invierno 2014-2015;13;SAN IGNAZIO - TXURDINAGA;Festivos y Domingos;San Ignazio - Txurdinaga;07:00,07:20,07:40,08:00,08:20,08:40,09:00,09:20,09:40,10:00,10:20,10:40,11:00,11:20,11:40,12:00,12:20,12:40,13:00,13:20,13:40,14:00,14:20,14:40,15:00,15:20,15:40,16:00,16:20,16:40,17:00,17:20,17:40,18:00,18:20,18:40,19:00,19:20,19:40,20:00,20:20,20:40,21:00,21:20,21:40,22:00,22:20,22:40
Invierno 2014-2015;13;SAN IGNAZIO - TXURDINAGA;Festivos y Domingos;Txurdinaga -San Ignazio;07:25,08:05,08:45,09:25,10:05,10:45,11:25,12:05,12:45,13:25,14:05,14:45,15:05,15:25,15:45,16:05,16:25,16:45,17:05,17:25,17:45,18:05,18:25,18:45,19:05,19:25,19:45,20:05,20:25,20:45,21:05,21:25,21:45,22:05,22:25,22:45
Invierno 2014-2015;18;SAN IGNAZIO - ZORROTZA;Laborables;San Ignazio - Zorrotza;07:30,08:10,08:50,09:30,10:10,10:50,11:30,12:10,12:50,13:30,14:10,14:50,15:30,15:50,16:10,16:30,16:50,17:10,17:30,17:50,18:10,18:30,18:50,19:10,19:30,19:50,20:10,20:30,20:50,21:10,21:30,21:50,22:10,22:30,22:50
Invierno 2014-2015;18;SAN IGNAZIO - ZORROTZA;Laborables;Zorrotza - San Ignazio;06:40,07:00,07:20,07:40,08:00,08:20,08:40,09:00,09:20,09:40,10:00,10:20,10:40,11:00,11:20,11:40,12:00,12:20,12:40,13:00,13:20,13:40,14:00,14:20,14:40,15:00,15:20,15:40,16:00,16:20,16:40,17:00,17:20,17:40,18:00,18:20,18:40,19:00,19:20,19:40,20:00,20:20,20:40,21:00,21:20,21:40,22:00,22:20,22:40,23:00
Invierno 2014-2015;18;SAN IGNAZIO - ZORROTZA;S庚ados;San Ignazio - Zorrotza;06:50,07:10,07:30,07:50,08:10,08:30,08:50,09:10,09:30,09:50,10:10,10:30,10:50,11:10,11:30,11:50,12:10,12:30,12:50,13:10,13:30,13:50,14:10,14:30,14:50,15:10,15:30,15:50,16:10,16:30,16:50,17:10,17:30,17:50,18:10,18:30,18:50,19:10,19:30,19:50,20:10,20:30,20:50,21:10,21:30,21:50,22:10,22:30
Invierno 2014-2015;18;SAN IGNAZIO - ZORROTZA;S庚ados;Zorrotza - San Ignazio;07:15,07:45,08:15,08:45,09:15,09:45,10:15,10:45,11:15,11:45,12:15,12:45,13:15,13:45,14:15,14:45,15:15,15:45,16:15,16:45,17:15,17:45,18:15,18:45,19:15,19:45,20:15,20:45,21:15,21:45,22:15,22:45
Invierno 2014-2015;18;SAN IGNAZIO - ZORROTZA;Festivos y Domingos;San Ignazio - Zorrotza;07:00,07:30,08:00,08:30,09:00,09:30,10:00,10:30,11:00,11:30,12:00,12:30,13:00,13:30,14:00,14:30,15:00,15:30,16:00,16:30,17:00,17:30,18:00,18:30,19:00,19:30,20:00,20:30,21:00,21:30,22:00,22:30
Invierno 2014-2015;18;SAN IGNAZIO - ZORROTZA;Festivos y Domingos;Zorrotza - San Ignazio;07:45,08:15,08:45,09:15,09:45,10:15,10:45,11:15,11:45,12:15,12:45,13:15,13:45,14:15,14:45,15:15,15:45,16:15,16:45,17:15,17:45,18:15,18:45,19:15,19:45,20:15,20:45,21:15,21:45,22:15,22:45
Invierno 2014-2015;22;SARRIKUE - ATXURI;Laborables;Sarrikue - Atxuri;08:00,08:30,09:00,09:30,10:00,10:30,11:00,11:30,12:00,12:30,13:00,13:30,14:00,14:30,15:00,15:30,16:00,16:30,17:00,17:30,18:00,18:30,19:00,19:30,20:00,20:30,21:00,21:30,22:00,22:30
Invierno 2014-2015;22;SARRIKUE - ATXURI;Laborables;Atxuri - Sarrikue;06:45,07:00,07:15,07:30,07:45,08:00,08:15,08:30,08:45,09:00,09:15,09:30,09:45,10:00,10:15,10:30,10:45,11:00,11:15,11:30,11:45,12:00,12:15,12:30,12:42,12:54,13:06,13:18,13:30,13:42,13:54,14:06,14:18,14:30,14:45,15:00,15:15,15:30,15:45,16:00,16:15,16:30,16:45,17:00,17:15,17:30,17:45,18:00,18:15,18:30,18:45,19:00,19:15,19:30,19:45,20:00,20:15,20:30,20:45,21:00,21:20,21:40,22:00,22:20
Invierno 2014-2015;22;SARRIKUE - ATXURI;S庚ados;Sarrikue - Atxuri;06:45,07:00,07:15,07:30,07:45,08:00,08:15,08:30,08:45,09:00,09:15,09:30,09:45,10:00,10:15,10:30,10:45,11:00,11:15,11:30,11:45,12:00,12:12,12:24,12:36,12:48,13:00,13:12,13:24,13:36,13:48,14:00,14:12,14:24,14:36,14:48,15:00,15:15,15:30,15:45,16:00,16:15,16:30,16:45,17:00,17:15,17:30,17:45,18:00,18:15,18:30,18:45,19:00,19:15,19:30,19:45,20:00,20:15,20:30,20:45,21:00,21:15,21:30,21:50,22:10,22:30,22:50
Invierno 2014-2015;22;SARRIKUE - ATXURI;S庚ados;Atxuri - Sarrikue;07:15,07:45,08:15,08:45,09:15,09:45,10:15,10:45,11:15,11:40,12:00,12:20,12:40,13:00,13:20,13:40,14:00,14:20,14:45,15:15,15:45,16:15,16:45,17:15,17:45,18:15,18:45,19:15,19:45,20:15,20:45,21:15,21:45,22:15
Invierno 2014-2015;22;SARRIKUE - ATXURI;Festivos y Domingos;Sarrikue - Atxuri;07:45,08:15,08:45,09:15,09:45,10:15,10:45,11:15,11:45,12:10,12:30,12:50,13:10,13:30,13:50,14:10,14:30,14:50,15:15,15:45,16:15,16:45,17:15,17:45,18:15,18:45,19:15,19:45,20:15,20:45,21:15,21:45,22:15,22:45
Invierno 2014-2015;22;SARRIKUE - ATXURI;Festivos y Domingos;vacio 2 para linea 22 en domingos;07:45,08:15,08:45,09:15,09:45,10:15,10:45,11:15,11:45,12:15,12:45,13:15,13:45,14:15,14:45,15:15,15:45,16:15,16:45,17:15,17:45,18:15,18:45,19:15,19:45,20:15,20:45,21:15,21:45,22:15
Invierno 2014-2015;22;SARRIKUE - ATXURI;Festivos y Domingos;Atxuri - Sarrikue;08:15,09:15,10:15,11:15,12:15,13:15,14:15,15:15,16:15,17:15,18:15,19:15,20:15,21:15,22:15
Invierno 2014-2015;27;ARABELLA - BETOLATZA;Laborables;Arabella - Betolatza;08:15,08:45,09:15,09:45,10:15,10:45,11:15,11:45,12:15,12:45,13:15,13:45,14:15,14:45,15:15,15:45,16:15,16:45,17:15,17:45,18:15,18:45,19:15,19:45,20:15,20:45,21:15,21:45,22:15,22:45
Invierno 2014-2015;27;ARABELLA - BETOLATZA;Laborables;Betolatza - Arabella;06:30,06:45,07:00,07:15,07:30,07:45,08:00,08:15,08:30,08:45,09:00,09:15,09:30,09:45,10:00,10:15,10:30,10:45,11:00,11:15,11:30,11:45,12:00,12:15,12:30,12:45,13:00,13:15,13:30,13:45,14:00,14:15,14:30,14:45,15:00,15:15,15:30,15:45,16:00,16:15,16:30,16:45,17:00,17:15,17:30,17:45,18:00,18:15,18:30,18:45,19:00,19:15,19:30,19:45,20:00,20:15,20:30,20:45,21:00,21:15,21:30,21:45,22:00,22:15,22:30
Invierno 2014-2015;27;ARABELLA - BETOLATZA;S庚ados;Arabella - Betolatza;06:30,06:45,07:00,07:15,07:30,07:45,08:00,08:15,08:30,08:45,09:00,09:15,09:30,09:45,10:00,10:15,10:30,10:45,11:00,11:15,11:30,11:45,12:00,12:15,12:30,12:45,13:00,13:15,13:30,13:45,14:00,14:15,14:30,14:45,15:00,15:15,15:30,15:45,16:00,16:15,16:30,16:45,17:00,17:15,17:30,17:45,18:00,18:15,18:30,18:45,19:00,19:15,19:30,19:45,20:00,20:15,20:30,20:45,21:00,21:15,21:30,21:45,22:00,22:15,22:30
Invierno 2014-2015;27;ARABELLA - BETOLATZA;S庚ados;Betolatza - Arabella;07:00,07:30,08:00,08:30,09:00,09:30,10:00,10:30,11:00,11:30,12:00,12:30,13:00,13:30,14:00,14:30,15:00,15:30,16:00,16:30,17:00,17:30,18:00,18:30,19:00,19:30,20:00,20:30,21:00,21:30,22:00,22:30
Invierno 2014-2015;27;ARABELLA - BETOLATZA;Festivos y Domingos;Arabella - Betolatza;07:15,07:45,08:15,08:45,09:15,09:45,10:15,10:45,11:15,11:45,12:15,12:45,13:15,13:45,14:15,14:45,15:15,15:45,16:15,16:45,17:15,17:45,18:15,18:45,19:15,19:45,20:15,20:45,21:15,21:45,22:15
Invierno 2014-2015;27;ARABELLA - BETOLATZA;Festivos y Domingos;Betolatza - Arabella;07:30,08:00,08:30,09:00,09:30,10:00,10:30,11:00,11:30,12:00,12:30,13:00,13:30,14:00,14:30,15:00,15:30,16:00,16:30,17:00,17:30,18:00,18:30,19:00,19:30,20:00,20:30,21:00,21:30,22:00,22:30
Invierno 2014-2015;28;URIBARRI - ALTAMIRA;Laborables;URIBARRI - ALTAMIRA;07:45,08:15,08:45,09:15,09:45,10:15,10:45,11:15,11:45,12:15,12:45,13:15,13:45,14:15,14:45,15:15,15:45,16:15,16:45,17:15,17:45,18:15,18:45,19:15,19:45,20:15,20:45,21:15,21:45,22:15,22:45
Invierno 2014-2015;28;URIBARRI - ALTAMIRA;Laborables;ALTAMIRA - URIBARRI;07:00,07:20,07:40,08:00,08:20,08:40,09:00,09:20,09:40,10:00,10:20,10:40,11:00,11:20,11:40,12:00,12:20,12:40,13:00,13:20,13:40,14:00,14:20,14:40,15:00,15:20,15:40,16:00,16:20,16:40,17:00,17:20,17:40,18:00,18:20,18:40,19:00,19:20,19:40,20:00,20:20,20:40,21:00,21:20,21:40,22:00,22:20
Invierno 2014-2015;28;URIBARRI - ALTAMIRA;S庚ados;URIBARRI - ALTAMIRA;07:00,07:30,07:50,08:10,08:30,08:50,09:10,09:30,09:50,10:10,10:30,10:50,11:10,11:30,11:50,12:10,12:30,12:50,13:10,13:30,13:50,14:10,14:30,14:50,15:10,15:30,15:50,16:10,16:30,16:50,17:10,17:30,17:50,18:10,18:30,18:50,19:10,19:30,19:50,20:10,20:30,20:50,21:10,21:30,21:50,22:10,22:30
Invierno 2014-2015;28;URIBARRI - ALTAMIRA;S庚ados;ALTAMIRA - URIBARRI;07:00,07:20,07:40,08:00,08:20,08:40,09:00,09:20,09:40,10:00,10:20,10:40,11:00,11:20,11:40,12:00,12:20,12:40,13:00,13:20,13:40,14:00,14:20,14:40,15:00,15:20,15:40,16:00,16:20,16:40,17:00,17:20,17:40,18:00,18:20,18:40,19:00,19:20,19:40,20:00,20:20,20:40,21:00,21:20,21:40,22:00,22:20,22:40
Invierno 2014-2015;28;URIBARRI - ALTAMIRA;Festivos y Domingos;URIBARRI - ALTAMIRA;07:30,07:50,08:10,08:30,08:50,09:10,09:30,09:50,10:10,10:30,10:50,11:10,11:30,11:50,12:10,12:30,12:50,13:10,13:30,13:50,14:10,14:30,14:50,15:10,15:30,15:50,16:10,16:30,16:50,17:10,17:30,17:50,18:10,18:30,18:50,19:10,19:30,19:50,20:10,20:30,20:50,21:10,21:30,21:50,22:10,22:30,22:50
Invierno 2014-2015;28;URIBARRI - ALTAMIRA;Festivos y Domingos;ALTAMIRA - URIBARRI;07:15,07:45,08:15,08:45,09:15,09:45,10:15,10:45,11:15,11:45,12:15,12:45,13:15,13:45,14:15,14:40,15:00,15:20,15:40,16:00,16:20,16:40,17:00,17:20,17:40,18:00,18:20,18:40,19:00,19:20,19:40,20:00,20:20,20:40,21:00,21:20,21:40,22:00,22:20,22:40
Invierno 2014-2015;30;TXURDINAGA - MIRIBILLA;Laborables;Txurdinaga - Miribilla;07:30,08:00,08:30,09:00,09:30,10:00,10:30,11:00,11:30,12:00,12:30,13:00,13:30,14:00,14:20,14:40,15:00,15:20,15:40,16:00,16:20,16:40,17:00,17:20,17:40,18:00,18:20,18:40,19:00,19:20,19:40,20:00,20:20,20:40,21:00,21:20,21:40,22:00,22:30,23:00
Invierno 2014-2015;30;TXURDINAGA - MIRIBILLA;Laborables;Miribilla - Txurdinaga;05:15,05:45,06:15,06:30,06:45,07:00,07:15,07:30,07:45,08:00,08:15,08:30,08:45,09:00,09:15,09:30,09:45,10:00,10:15,10:30,10:45,11:00,11:15,11:30,11:45,12:00,12:15,12:30,12:45,13:00,13:15,13:30,13:45,14:00,14:15,14:30,14:45,15:00,15:15,15:30,15:45,16:00,16:15,16:30,16:45,17:00,17:15,17:30,17:45,18:00,18:15,18:30,18:45,19:00,19:15,19:30,19:45,20:00,20:15,20:30,20:45,21:00,21:15,21:30,21:45,22:00,22:15,22:30
Invierno 2014-2015;30;TXURDINAGA - MIRIBILLA;S庚ados;Txurdinaga - Miribilla;05:30,06:00,06:30,07:00,07:15,07:30,07:45,08:00,08:15,08:30,08:45,09:00,09:15,09:30,09:45,10:00,10:15,10:30,10:45,11:00,11:15,11:30,11:45,12:00,12:15,12:30,12:45,13:00,13:15,13:30,13:45,14:00,14:15,14:30,14:45,15:00,15:15,15:30,15:45,16:00,16:15,16:30,16:45,17:00,17:15,17:30,17:45,18:00,18:15,18:30,18:45,19:00,19:15,19:30,19:45,20:00,20:15,20:30,20:45,21:00,21:15,21:30,21:45,22:00,22:30,23:00
Invierno 2014-2015;30;TXURDINAGA - MIRIBILLA;S庚ados;Miribilla - Txurdinaga;05:20,06:00,06:40,07:20,08:00,08:20,08:40,09:00,09:20,09:40,10:00,10:20,10:40,11:00,11:20,11:40,12:00,12:20,12:40,13:00,13:20,13:40,14:00,14:20,14:40,15:00,15:20,15:40,16:00,16:20,16:40,17:00,17:20,17:40,18:00,18:20,18:40,19:00,19:20,19:40,20:00,20:20,20:40,21:00,21:20,21:40,22:00,22:30,23:00
Invierno 2014-2015;30;TXURDINAGA - MIRIBILLA;Festivos y Domingos;Galdakao-Miribilla;06:00,06:40,07:20,08:00,08:20,08:40,09:00,09:20,09:40,10:00,10:20,10:40,11:00,11:20,11:40,12:00,12:20,12:40,13:00,13:20,13:40,14:00,14:20,14:40,15:00,15:25,15:50,16:10,16:30,16:50,17:10,17:30,17:50,18:10,18:30,18:50,19:10,19:30,19:50,20:10,20:30,20:50,21:10,21:30,21:50,22:10,22:40,23:10,23:40
Invierno 2014-2015;30;TXURDINAGA - MIRIBILLA;Festivos y Domingos;Txurdinaga - Miribilla;07:30,08:00,08:30,09:00,09:30,10:00,10:30,11:00,11:30,12:00,12:30,13:00,13:30,14:00,14:30,15:00
Invierno 2014-2015;30;TXURDINAGA - MIRIBILLA;Festivos y Domingos;Miribilla - Txurdinaga;15:10,15:30,16:00,16:30,17:00,17:20,17:40,18:00,18:20,18:40,19:00,19:20,19:40,20:00,20:20,20:40,21:00,21:20,21:40,22:00,22:30,23:00
Invierno 2014-2015;30;TXURDINAGA - MIRIBILLA;Festivos y Domingos;Miribilla-Galdakao;14:45,15:15,15:45,16:15,16:40,17:00,17:20,17:40,18:00,18:20,18:40,19:00,19:20,19:40,20:00,20:20,20:40,21:00,21:20,21:40,22:00,22:20,22:50,23:20
Invierno 2014-2015;34;OTXARKOAGA - SANTUTXU;Laborables;Otxarkoaga - Santutxu;07:45,08:15,08:45,09:15,09:45,10:15,10:45,11:15,11:45,12:15,12:45,13:15,13:45,14:15
Invierno 2014-2015;34;OTXARKOAGA - SANTUTXU;Laborables;Santutxu - Otxarkoaga;07:00,07:30,08:00,08:30,09:00,09:30,10:00,10:30,11:00,11:30,12:00,12:30,13:00,13:30,14:00,14:30,15:00,15:30,16:00,16:30,17:00,17:30,18:00,18:30,19:00,19:30,20:00,20:30,21:00,21:30,22:00,22:30
Invierno 2014-2015;34;OTXARKOAGA - SANTUTXU;S庚ados;Otxarkoaga - Santutxu;07:15,07:45,08:15,08:45,09:15,09:45,10:15,10:45,11:15,11:45,12:15,12:45,13:15,13:45,14:15,14:45,15:15,15:45,16:15,16:45,17:15,17:45,18:15,18:45,19:15,19:45,20:15,20:45,21:15,21:45,22:15,22:45
Invierno 2014-2015;34;OTXARKOAGA - SANTUTXU;S庚ados;Santutxu - Otxarkoaga;07:00,07:30,08:00,08:30,09:00,09:30,10:00,10:30,11:00,11:30,12:00,12:30,13:00,13:30,14:00,14:30,15:00,15:30,16:00,16:30,17:00,17:30,18:00,18:30,19:00,19:30,20:00,20:30,21:00,21:30,22:00,22:30
Invierno 2014-2015;34;OTXARKOAGA - SANTUTXU;Festivos y Domingos;Otxarkoaga - Santutxu;07:15,07:45,08:15,08:45,09:15,09:45,10:15,10:45,11:15,11:45,12:15,12:45,13:15,13:45,14:15,14:45,15:15,15:45,16:15,16:45,17:15,17:45,18:15,18:45,19:15,19:45,20:15,20:45,21:15,21:45,22:15,22:45
Invierno 2014-2015;34;OTXARKOAGA - SANTUTXU;Festivos y Domingos;Santutxu - Otxarkoaga;08:00,08:30,09:00,09:30,10:00,10:30,11:00,11:30,12:00,12:30,13:00,13:30,14:00,14:30,15:00,15:30,16:00,16:30,17:00,17:30,18:00,18:30,19:00,19:30,20:00,20:30,21:00,21:30,22:00,22:30
Invierno 2014-2015;38;OTXARKOAGA - BASURTU/TERMIBUS;Laborables;Otxarkoaga - Basurtu/Termibus obras;08:15,08:45,09:15,09:45,10:15,10:45,11:15,11:45,12:15,12:45,13:15,13:45,14:15,14:45,15:15,15:45,16:15,16:45,17:15,17:45,18:15,18:45,19:15,19:45,20:15,20:45,21:15,21:45,22:15,22:45
Invierno 2014-2015;38;OTXARKOAGA - BASURTU/TERMIBUS;Laborables;Basurtu/Termibus - Otxarkoaga obras;05:15,05:30,05:50,06:10,06:30,06:45,07:00,07:15,07:30,07:45,08:00,08:15,08:30,08:45,09:00,09:15,09:30,09:45,10:00,10:15,10:30,10:45,11:00,11:15,11:30,11:45,12:00,12:15,12:30,12:45,13:00,13:15,13:30,13:45,14:00,14:15,14:30,14:45,15:00,15:15,15:30,15:45,16:00,16:15,16:30,16:45,17:00,17:15,17:30,17:45,18:00,18:15,18:30,18:45,19:00,19:15,19:30,19:45,20:00,20:15,20:30,20:45,21:00,21:20,21:40,22:00,22:20,22:45
Invierno 2014-2015;38;OTXARKOAGA - BASURTU/TERMIBUS;S庚ados;Otxarkoaga - Basurtu/Termibus obras;05:40,06:00,06:20,06:40,07:00,07:15,07:30,07:45,08:00,08:15,08:30,08:45,09:00,09:15,09:30,09:45,10:00,10:15,10:30,10:45,11:00,11:15,11:30,11:45,12:00,12:15,12:30,12:45,13:00,13:15,13:30,13:45,14:00,14:15,14:30,14:45,15:00,15:15,15:30,15:45,16:00,16:15,16:30,16:45,17:00,17:15,17:30,17:45,18:00,18:15,18:30,18:45,19:00,19:15,19:30,19:45,20:00,20:15,20:30,20:45,21:00,21:15,21:30,21:45,22:00,22:20,22:40,23:00,23:20
Invierno 2014-2015;38;OTXARKOAGA - BASURTU/TERMIBUS;S庚ados;Basurtu/Termibus - Otxarkoaga obras;06:00,06:40,07:00,07:20,07:40,08:00,08:20,08:40,09:00,09:20,09:40,10:00,10:20,10:40,11:00,11:20,11:40,12:00,12:20,12:40,13:00,13:20,13:40,14:00,14:20,14:40,15:00,15:20,15:40,16:00,16:20,16:40,17:00,17:20,17:40,18:00,18:20,18:40,19:00,19:20,19:40,20:00,20:20,20:40,21:00,21:20,21:40,22:00,22:20
Invierno 2014-2015;38;OTXARKOAGA - BASURTU/TERMIBUS;Festivos y Domingos;Otxarkoaga - Basurtu/Termibus obras;06:40,07:20,07:40,08:00,08:20,08:40,09:00,09:20,09:40,10:00,10:20,10:40,11:00,11:20,11:40,12:00,12:20,12:40,13:00,13:20,13:40,14:00,14:20,14:40,15:00,15:20,15:40,16:00,16:20,16:40,17:00,17:20,17:40,18:00,18:20,18:40,19:00,19:20,19:40,20:00,20:20,20:40,21:00,21:20,21:40,22:00,22:20,22:40
Invierno 2014-2015;38;OTXARKOAGA - BASURTU/TERMIBUS;Festivos y Domingos;Basurtu/Termibus - Otxarkoaga obras;07:00,07:40,08:00,08:20,08:40,09:00,09:20,09:40,10:00,10:20,10:40,11:00,11:20,11:40,12:00,12:20,12:40,13:00,13:20,13:40,14:00,14:20,14:40,15:00,15:20,15:40,16:00,16:20,16:40,17:00,17:20,17:40,18:00,18:20,18:40,19:00,19:20,19:40,20:00,20:20,20:40,21:00,21:20,21:40,22:00,22:20
Invierno 2014-2015;40;LA PE헤 - PLAZA BIRIBILA;Laborables;Santutxu - Ayala;07:40,08:00,08:20,08:40,09:00,09:20,09:40,10:00,10:20,10:40,11:00,11:20,11:40,12:00,12:20,12:40,13:00,13:20,13:40,14:00,14:20,14:40,15:00,15:20,15:40,16:00,16:20,16:40,17:00,17:20,17:40,18:00,18:20,18:40,19:00,19:20,19:40,20:00,20:20,20:40,21:00,21:20,21:40,22:00,22:20,22:40
Invierno 2014-2015;40;LA PE헤 - PLAZA BIRIBILA;Laborables;Zamakola - Ayala;05:30
Invierno 2014-2015;40;LA PE헤 - PLAZA BIRIBILA;Laborables;Ayala - Zamakola;06:05,06:25,06:45,07:05,07:25,07:45,08:05,08:25,08:45,09:05,09:25,09:45,10:05,10:25,10:45,11:05,11:25,11:45,12:05,12:25,12:45,13:05,13:25,13:45,14:05,14:25,14:45,15:05,15:25,15:45,16:05,16:25,16:45,17:05,17:25,17:45,18:05,18:25,18:45,19:05,19:25,19:45,20:05,20:25,20:45,21:05,21:25,21:45,22:05,22:25,22:45
Invierno 2014-2015;40;LA PE헤 - PLAZA BIRIBILA;S庚ados;Santutxu - Ayala;05:45,06:25,06:45,07:05,07:25,07:45,08:05,08:25,08:45,09:05,09:25,09:45,10:05,10:25,10:45,11:05,11:25,11:45,12:05,12:25,12:45,13:05,13:25,13:45,14:05,14:25,14:45,15:05,15:25,15:45,16:05,16:25,16:45,17:05,17:25,17:45,18:05,18:25,18:45,19:05,19:25,19:45,20:05,20:25,20:45,21:05,21:25,21:45,22:05,22:25,22:55,23:15
Invierno 2014-2015;40;LA PE헤 - PLAZA BIRIBILA;S庚ados;Zamakola - Ayala;05:30
Invierno 2014-2015;40;LA PE헤 - PLAZA BIRIBILA;S庚ados;Ayala - Zamakola;06:25,07:05,07:45,08:25,09:05,09:45,10:25,11:05,11:45,12:25,13:05,13:45,14:25,15:05,15:45,16:35,17:15,17:45,18:15,18:45,19:15,19:45,20:15,20:45,21:15,21:45,22:15,22:45
Invierno 2014-2015;40;LA PE헤 - PLAZA BIRIBILA;Festivos y Domingos;Santutxu - Ayala;05:45,06:25,07:05,07:45,08:25,09:05,09:45,10:25,11:05,11:45,12:25,13:05,13:45,14:25,15:05,15:45,16:30,17:00,17:30,18:00,18:30,19:00,19:30,20:00,20:30,21:00,21:30,22:00,22:30,23:00
Invierno 2014-2015;40;LA PE헤 - PLAZA BIRIBILA;Festivos y Domingos;Zamakola - Ayala;07:00
Invierno 2014-2015;40;LA PE헤 - PLAZA BIRIBILA;Festivos y Domingos;Ayala - Zamakola;07:15,07:55,08:35,09:15,09:55,10:35,11:15,11:55,12:35,13:15,13:55,14:35,15:15,15:55,16:35,17:15,17:55,18:35,19:15,19:55,20:35,21:15,21:55,22:35,23:20
Invierno 2014-2015;43;GARAIZAR - SANTUTXU;Laborables;Garaizar - Santutxu;07:15,07:55,08:35,09:15,09:55,10:35,11:15,11:55,12:35,13:15,13:55,14:35,15:15,15:55,16:35,17:15,17:55,18:35,19:15,19:55,20:35,21:15,21:55,22:40,23:15
Invierno 2014-2015;43;GARAIZAR - SANTUTXU;Laborables;Santutxu - Garaizar;06:45,07:15,07:45,08:15,08:45,09:15,09:45,10:15,10:45,11:15,11:45,12:15,12:45,13:15,13:45,14:15,14:45,15:15,15:45,16:15,16:45,17:15,17:45,18:15,18:45,19:15,19:45,20:15,20:45,21:15,21:45,22:15
Invierno 2014-2015;43;GARAIZAR - SANTUTXU;S庚ados;Garaizar - Santutxu;07:00,07:30,08:00,08:30,09:00,09:30,10:00,10:30,11:00,11:30,12:00,12:30,13:00,13:30,14:00,14:30,15:00,15:30,16:00,16:30,17:00,17:30,18:00,18:30,19:00,19:30,20:00,20:30,21:00,21:30,22:00,22:30
Invierno 2014-2015;43;GARAIZAR - SANTUTXU;S庚ados;Santutxu - Garaizar;06:45,07:15,07:45,08:15,08:45,09:15,09:45,10:15,10:45,11:15,11:45,12:15,12:45,13:15,13:45,14:15,14:45,15:15,15:45,16:15,16:45,17:15,17:45,18:15,18:45,19:15,19:45,20:15,20:45,21:15,21:45,22:15,22:45
Invierno 2014-2015;43;GARAIZAR - SANTUTXU;Festivos y Domingos;Garaizar - Santutxu;07:00,07:30,08:00,08:30,09:00,09:30,10:00,10:30,11:00,11:30,12:00,12:30,13:00,13:30,14:00,14:30,15:00,15:30,16:00,16:30,17:00,17:30,18:00,18:30,19:00,19:30,20:00,20:30,21:00,21:30,22:00,22:30,23:00
Invierno 2014-2015;43;GARAIZAR - SANTUTXU;Festivos y Domingos;Santutxu - Garaizar;08:15,08:45,09:15,09:45,10:15,10:45,11:15,11:45,12:15,12:45,13:15,13:45,14:15,14:45,15:15,15:45,16:15,16:45,17:15,17:45,18:15,18:45,19:15,19:45,20:15,20:45,21:15,21:45,22:15
Invierno 2014-2015;48;SANTUTXU - LEZEAGA;Laborables;Santutxu - Lezeaga arriba;08:30,09:00,09:30,10:00,10:30,11:00,11:30,12:00,12:30,13:00,13:30,14:00,14:30,15:00,15:30,16:00,16:30,17:00,17:30,18:00,18:30,19:00,19:30,20:00,20:30,21:00,21:30,22:00,22:30
Invierno 2014-2015;48;SANTUTXU - LEZEAGA;Laborables;Lezeaga arriba - Santutxu;06:20,06:40,07:00,07:20,07:40,08:00,08:20,08:40,09:00,09:20,09:40,10:00,10:20,10:40,11:00,11:20,11:40,12:00,12:20,12:40,13:00,13:20,13:40,14:00,14:20,14:40,15:00,15:20,15:40,16:00,16:20,16:40,17:00,17:20,17:40,18:00,18:20,18:40,19:00,19:20,19:40,20:00,20:20,20:40,21:00,21:20,21:40,22:00,22:20
Invierno 2014-2015;48;SANTUTXU - LEZEAGA;S庚ados;Santutxu - Lezeaga arriba;06:30,06:50,07:10,07:30,07:50,08:10,08:30,08:50,09:10,09:30,09:50,10:10,10:30,10:50,11:10,11:30,11:50,12:10,12:30,12:50,13:10,13:30,13:50,14:10,14:30,14:50,15:10,15:30,15:50,16:10,16:30,16:50,17:10,17:30,17:50,18:10,18:30,18:50,19:10,19:30,19:50,20:10,20:30,20:50,21:10,21:30,21:50,22:10,22:30
Invierno 2014-2015;48;SANTUTXU - LEZEAGA;S庚ados;Lezeaga arriba - Santutxu;06:30,06:55,07:20,07:45,08:10,08:35,09:00,09:25,09:50,10:15,10:40,11:05,11:30,11:55,12:20,12:45,13:10,13:35,14:00,14:25,14:50,15:10,15:30,15:50,16:10,16:30,16:50,17:10,17:30,17:50,18:10,18:30,18:50,19:10,19:30,19:50,20:10,20:30,20:50,21:10,21:30,21:50,22:10
Invierno 2014-2015;48;SANTUTXU - LEZEAGA;Festivos y Domingos;Santutxu - Lezeaga arriba;07:20,07:45,08:10,08:35,09:00,09:25,09:50,10:15,10:40,11:05,11:30,11:55,12:20,12:45,13:10,13:35,14:00,14:25,14:45,15:15,15:40,16:00,16:20,16:40,17:00,17:20,17:40,18:00,18:20,18:40,19:00,19:20,19:40,20:00,20:20,20:40,21:00,21:20,21:40,22:00,22:20,22:40
Invierno 2014-2015;48;SANTUTXU - LEZEAGA;Festivos y Domingos;Lezeaga arriba - Santutxu;07:00,07:30,08:00,08:30,09:00,09:30,10:00,10:30,11:00,11:30,12:00,12:30,13:00,13:30,14:00,14:30,15:00,15:30,16:00,16:30,17:00,17:30,18:00,18:30,19:00,19:30,20:00,20:30,21:00,21:30,22:00
Invierno 2014-2015;50;BUIA - LA PE헤;Laborables;Buia - Abusu;07:15,07:45,08:15,08:45,09:15,09:45,10:15,10:45,11:15,11:45,12:15,12:45,13:15,13:45,14:15,14:45,15:15,15:45,16:15,16:45,17:15,17:45,18:15,18:45,19:15,19:45,20:15,20:45,21:15,21:45,22:15,22:45
Invierno 2014-2015;50;BUIA - LA PE헤;Laborables;Abusu - Buia;06:30,07:00,07:30,08:00,08:30,09:00,09:30,10:00,10:30,11:00,11:30,12:00,12:30,13:00,13:30,14:00,14:30,15:00,15:30,16:00,16:30,17:00,17:30,18:00,18:30,19:00,19:30,20:00,20:30,21:00,21:30,22:00
Invierno 2014-2015;50;BUIA - LA PE헤;S庚ados;Buia - Abusu;06:45,07:15,07:45,08:15,08:45,09:15,09:45,10:15,10:45,11:15,11:45,12:15,12:45,13:15,13:45,14:15,14:45,15:15,15:45,16:15,16:45,17:15,17:45,18:15,18:45,19:15,19:45,20:15,20:45,21:15,21:45,22:20
Invierno 2014-2015;50;BUIA - LA PE헤;S庚ados;Abusu - Buia;07:30,08:00,08:30,09:00,09:30,10:00,10:30,11:00,11:30,12:00,12:30,13:00,13:30,14:00,14:30,15:00,15:30,16:00,16:30,17:00,17:30,18:00,18:30,19:00,19:30,20:00,20:30,21:00,21:30,22:00
Invierno 2014-2015;50;BUIA - LA PE헤;Festivos y Domingos;Buia - Abusu;07:45,08:15,08:45,09:15,09:45,10:15,10:45,11:15,11:45,12:15,12:45,13:15,13:45,14:15,14:45,15:15,15:45,16:15,16:45,17:15,17:45,18:15,18:45,19:15,19:45,20:15,20:45,21:15,21:45,22:20
Invierno 2014-2015;50;BUIA - LA PE헤;Festivos y Domingos;Abusu - Buia;08:30,09:00,09:30,10:00,10:30,11:00,11:30,12:00,12:30,13:00,13:30,14:00,14:30,15:00,15:30,16:00,16:30,17:00,17:30,18:00,18:30,19:00,19:30,20:00,20:30,21:00,21:30,22:00
Invierno 2014-2015;56;LA PE헤 - JESUSEN BIHOTZA;Laborables;La Pe人 - Jesusen Bihotza;08:45,09:15,09:45,10:15,10:45,11:15,11:45,12:15,12:45,13:15,13:45,14:15,14:45,15:15,15:45,16:15,16:45,17:15,17:45,18:15,18:45,19:15,19:45,20:15,20:45,21:15,21:45,22:20
Invierno 2014-2015;56;LA PE헤 - JESUSEN BIHOTZA;Laborables;Jesusen Bihotza - La Pe人;05:15,05:40,06:10,06:30,06:45,06:55,07:05,07:14,07:22,07:30,07:38,07:46,07:54,08:02,08:10,08:18,08:26,08:34,08:42,08:51,09:00,09:10,09:20,09:30,09:40,09:50,10:00,10:10,10:20,10:30,10:40,10:50,11:00,11:10,11:20,11:30,11:40,11:50,12:00,12:10,12:20,12:30,12:40,12:50,13:00,13:10,13:20,13:30,13:40,13:50,14:00,14:10,14:20,14:30,14:40,14:50,15:00,15:10,15:20,15:30,15:40,15:50,16:00,16:10,16:20,16:30,16:40,16:50,17:00,17:10,17:20,17:30,17:40,17:50,18:00,18:10,18:20,18:30,18:40,18:50,19:00,19:10,19:20,19:30,19:40,19:50,20:00,20:10,20:20,20:30,20:40,20:50,21:05,21:20,21:35,21:50,22:10,22:30
Invierno 2014-2015;56;LA PE헤 - JESUSEN BIHOTZA;S庚ados;La Pe人 - Jesusen Bihotza;05:40,06:10,06:40,07:00,07:15,07:25,07:34,07:42,07:50,07:58,08:06,08:14,08:22,08:30,08:38,08:46,08:55,09:05,09:15,09:25,09:35,09:45,09:55,10:05,10:15,10:25,10:35,10:45,10:55,11:05,11:15,11:25,11:35,11:45,11:55,12:05,12:15,12:25,12:35,12:45,12:55,13:05,13:15,13:25,13:35,13:45,13:55,14:05,14:15,14:25,14:35,14:45,14:55,15:05,15:15,15:25,15:35,15:45,15:55,16:05,16:15,16:25,16:35,16:45,16:55,17:05,17:15,17:25,17:35,17:45,17:55,18:05,18:15,18:25,18:35,18:45,18:55,19:05,19:15,19:25,19:35,19:45,19:55,20:05,20:15,20:25,20:35,20:45,20:55,21:05,21:20,21:35,21:50,22:05,22:20,22:40,23:00
Invierno 2014-2015;56;LA PE헤 - JESUSEN BIHOTZA;S庚ados;Jesusen Bihotza - La Pe人;06:00,06:30,07:00,07:15,07:30,07:45,08:00,08:15,08:30,08:45,09:00,09:15,09:30,09:45,10:00,10:15,10:30,10:45,11:00,11:15,11:30,11:45,12:00,12:15,12:30,12:45,13:00,13:15,13:30,13:45,14:00,14:15,14:30,14:45,15:00,15:15,15:30,15:45,16:00,16:15,16:30,16:45,17:00,17:15,17:30,17:45,18:00,18:15,18:30,18:45,19:00,19:15,19:30,19:45,20:00,20:15,20:30,20:45,21:00,21:15,21:30,21:50,22:10,22:30
Invierno 2014-2015;56;LA PE헤 - JESUSEN BIHOTZA;Festivos y Domingos;La Pe人 - Jesusen Bihotza;06:30,07:00,07:30,07:45,08:00,08:15,08:30,08:45,09:00,09:15,09:30,09:45,10:00,10:15,10:30,10:45,11:00,11:15,11:30,11:45,12:00,12:15,12:30,12:45,13:00,13:15,13:30,13:45,14:00,14:15,14:30,14:45,15:00,15:15,15:30,15:45,16:05,16:20,16:35,16:50,17:05,17:20,17:35,17:50,18:05,18:20,18:35,18:50,19:05,19:20,19:35,19:50,20:05,20:20,20:35,20:50,21:05,21:20,21:35,21:50,22:05,22:20,22:40,23:00
Invierno 2014-2015;56;LA PE헤 - JESUSEN BIHOTZA;Festivos y Domingos;Jesusen Bihotza - La Pe人;07:10,07:40,08:00,08:20,08:40,09:00,09:20,09:40,10:00,10:20,10:40,11:00,11:20,11:40,12:00,12:20,12:40,13:00,13:20,13:40,14:00,14:20,14:40,15:00,15:15,15:30,15:45,16:00,16:15,16:30,16:45,17:00,17:15,17:30,17:45,18:00,18:15,18:30,18:45,19:00,19:15,19:30,19:45,20:00,20:15,20:30,20:45,21:00,21:15,21:30,21:45,22:00,22:30
Invierno 2014-2015;57;MIRIBILLA - OSPITALEA;Laborables;Miribilla - Ospitalea;07:40,08:10,08:30,08:50,09:10,09:30,09:50,10:10,10:30,10:50,11:10,11:30,11:50,12:10,12:30,12:50,13:10,13:30,13:50,14:10,14:30,14:50,15:15,15:30,15:45,16:00,16:15,16:30,16:45,17:00,17:15,17:30,17:45,18:00,18:15,18:30,18:45,19:00,19:15,19:30,19:45,20:00,20:15,20:30,20:45,21:00,21:15,21:30,21:45,22:00,22:15,22:30,23:00
Invierno 2014-2015;57;MIRIBILLA - OSPITALEA;Laborables;Ospitalea - Miribilla;07:30,08:30,09:30,10:30,11:30,12:30,13:30,14:30,15:30,16:30,17:30,18:30,19:30,20:30,21:30
Invierno 2014-2015;57;MIRIBILLA - OSPITALEA;S庚ados;Miribilla - Ospitalea;08:00,09:00,10:00,11:00,12:00,13:00,14:00,15:00,16:00,17:00,18:00,19:00,20:00,21:00,22:15
Invierno 2014-2015;57;MIRIBILLA - OSPITALEA;S庚ados;Ospitalea - Miribilla;07:30,08:30,09:30,10:30,11:30,12:30,13:30,14:30,15:30,16:30,17:30,18:30,19:30,20:30,21:30
Invierno 2014-2015;57;MIRIBILLA - OSPITALEA;Festivos y Domingos;Miribilla - Ospitalea;08:00,09:00,10:00,11:00,12:00,13:00,14:00,15:00,16:00,17:00,18:00,19:00,20:00,21:00,22:15
Invierno 2014-2015;57;MIRIBILLA - OSPITALEA;Festivos y Domingos;Ospitalea - Miribilla;07:30,08:30,09:30,10:30,11:30,12:30,13:30,14:30,15:30,16:30,17:30,18:30,19:30,20:30,21:30
Invierno 2014-2015;58;MINTEGITXUETA - ATXURI;Laborables;Mintegitxueta - Atxuri ampliado;08:00,09:00,10:00,11:00,12:00,13:00,14:00,15:00,16:00,17:00,18:00,19:00,20:00,21:00,22:15
Invierno 2014-2015;58;MINTEGITXUETA - ATXURI;Laborables;Atxuri - Mintegitxueta ampliado;06:15,06:30,06:45,07:00,07:15,07:30,07:45,08:00,08:15,08:30,08:45,09:00,09:15,09:30,09:45,10:00,10:15,10:30,10:45,11:00,11:15,11:30,11:45,12:00,12:15,12:30,12:45,13:00,13:15,13:30,13:45,14:00,14:15,14:30,14:45,15:00,15:15,15:30,15:45,16:00,16:15,16:30,16:45,17:00,17:15,17:30,17:45,18:00,18:15,18:30,18:45,19:00,19:15,19:30,19:45,20:00,20:15,20:30,20:45,21:00,21:15,21:30,21:45,22:00
Invierno 2014-2015;58;MINTEGITXUETA - ATXURI;S庚ados;Mintegitxueta - Atxuri ampliado;06:40,06:55,07:10,07:25,07:40,07:55,08:10,08:25,08:40,08:55,09:10,09:25,09:40,09:55,10:10,10:25,10:40,10:55,11:10,11:25,11:40,11:55,12:10,12:25,12:40,12:55,13:10,13:25,13:40,13:55,14:10,14:25,14:40,14:55,15:10,15:25,15:40,15:55,16:10,16:25,16:40,16:55,17:10,17:25,17:40,17:55,18:10,18:25,18:40,18:55,19:10,19:25,19:40,19:55,20:10,20:25,20:40,20:55,21:10,21:25,21:40,21:55,22:15,22:35
Invierno 2014-2015;58;MINTEGITXUETA - ATXURI;S庚ados;Atxuri - Mintegitxueta ampliado;06:40,07:00,07:20,07:40,08:00,08:20,08:40,09:00,09:20,09:40,10:00,10:20,10:40,11:00,11:20,11:40,12:00,12:20,12:40,13:00,13:20,13:40,14:00,14:20,14:40,15:00,15:20,15:40,16:00,16:20,16:40,17:00,17:20,17:40,18:00,18:20,18:40,19:00,19:20,19:40,20:00,20:20,20:40,21:00,21:20,21:40,22:00,22:20
Invierno 2014-2015;58;MINTEGITXUETA - ATXURI;Festivos y Domingos;Mintegitxueta - Atxuri ampliado;06:55,07:15,07:35,07:55,08:15,08:35,08:55,09:15,09:35,09:55,10:15,10:35,10:55,11:15,11:35,11:55,12:15,12:35,12:55,13:15,13:35,13:55,14:15,14:35,14:55,15:15,15:35,15:55,16:15,16:35,16:55,17:15,17:35,17:55,18:15,18:35,18:55,19:15,19:35,19:55,20:15,20:35,20:55,21:15,21:35,21:55,22:15,22:35
Invierno 2014-2015;58;MINTEGITXUETA - ATXURI;Festivos y Domingos;Atxuri - Mintegitxueta ampliado;07:00,07:30,08:00,08:30,09:00,09:30,10:00,10:30,11:00,11:30,12:00,12:30,13:00,13:30,14:00,14:30,15:00,15:30,16:00,16:30,17:00,17:30,18:00,18:30,19:00,19:30,20:00,20:30,21:00,21:30,22:00
Invierno 2014-2015;62;SAN MAMES - ARABELLA;Laborables;Termibus - Arabella;07:40,08:10,08:40,09:10,09:40,10:10,10:40,11:10,11:40,12:10,12:40,13:10,13:40,14:10,14:40,15:10,15:40,16:10,16:40,17:10,17:40,18:10,18:40,19:10,19:40,20:10,20:40,21:10,21:40,22:10,22:40
Invierno 2014-2015;62;SAN MAMES - ARABELLA;Laborables;Arabella - Termibus;07:05,07:25,07:45,08:05,08:25,08:45,09:05,09:25,09:45,10:05,10:25,10:45,11:05,11:25,11:45,12:05,12:25,12:45,13:05,13:25,13:45,14:05,14:25,14:45,15:05,15:25,15:45,16:05,16:25,16:45,17:05,17:25,17:45,18:05,18:25,18:45,19:05,19:25,19:45,20:05,20:25,20:45,21:05,21:25,21:45,22:15,22:35
Invierno 2014-2015;62;SAN MAMES - ARABELLA;S庚ados;Termibus - Arabella;06:40,07:00,07:20,07:40,08:00,08:20,08:40,09:00,09:20,09:40,10:00,10:20,10:40,11:00,11:20,11:40,12:00,12:20,12:40,13:00,13:20,13:40,14:00,14:20,14:40,15:00,15:20,15:40,16:00,16:20,16:40,17:00,17:20,17:40,18:00,18:20,18:40,19:00,19:20,19:40,20:00,20:20,20:40,21:00,21:20,21:40,22:00,22:20
Invierno 2014-2015;62;SAN MAMES - ARABELLA;S庚ados;Arabella - Termibus;07:30,08:00,08:30,09:00,09:30,10:00,10:30,11:00,11:30,12:00,12:30,13:00,13:30,14:00,14:30,15:00,15:30,16:00,16:30,17:00,17:30,18:00,18:30,19:00,19:30,20:00,20:30,21:00,21:30,22:00,22:30,23:00
Invierno 2014-2015;62;SAN MAMES - ARABELLA;Festivos y Domingos;Termibus - Arabella;07:00,07:30,08:00,08:30,09:00,09:30,10:00,10:30,11:00,11:30,12:00,12:30,13:00,13:30,14:00,14:30,15:00,15:30,16:00,16:30,17:00,17:30,18:00,18:30,19:00,19:30,20:00,20:30,21:00,21:30,22:00,22:30
Invierno 2014-2015;62;SAN MAMES - ARABELLA;Festivos y Domingos;Arabella - Termibus;07:30,08:00,08:30,09:00,09:30,10:00,10:30,11:00,11:30,12:00,12:30,13:00,13:30,14:00,14:30,15:00,15:30,16:00,16:30,17:00,17:30,18:00,18:30,19:00,19:30,20:00,20:30,21:00,21:30,22:00,22:30,23:00
Invierno 2014-2015;71;MIRIBILLA - SAN IGNAZIO;Laborables;Miribilla - San Ignazio;07:30,08:00,08:30,09:00,09:30,10:00,10:30,11:00,11:30,12:00,12:30,13:00,13:30,14:00,14:30,15:00,15:30,16:00,16:30,17:00,17:30,18:00,18:30,19:00,19:30,20:00,20:30,21:00,21:30,22:00,22:30
Invierno 2014-2015;71;MIRIBILLA - SAN IGNAZIO;Laborables;San Ignazio - Miribilla;06:55,07:15,07:35,07:55,08:15,08:35,08:55,09:15,09:35,09:55,10:15,10:35,10:55,11:15,11:35,11:55,12:15,12:35,12:55,13:15,13:35,13:55,14:15,14:35,14:55,15:15,15:35,15:55,16:15,16:35,16:55,17:15,17:35,17:55,18:15,18:35,18:55,19:15,19:35,19:55,20:15,20:35,20:55,21:15,21:35,21:55,22:15,22:35
Invierno 2014-2015;71;MIRIBILLA - SAN IGNAZIO;S庚ados;Miribilla - San Ignazio;07:00,07:20,07:40,08:00,08:20,08:40,09:00,09:20,09:40,10:00,10:20,10:40,11:00,11:20,11:40,12:00,12:20,12:40,13:00,13:20,13:40,14:00,14:20,14:40,15:00,15:20,15:40,16:00,16:20,16:40,17:00,17:20,17:40,18:00,18:20,18:40,19:00,19:20,19:40,20:00,20:20,20:40,21:00,21:20,21:40,22:00,22:20,22:40
Invierno 2014-2015;71;MIRIBILLA - SAN IGNAZIO;S庚ados;San Ignazio - Miribilla;06:50,07:20,07:50,08:20,08:50,09:20,09:50,10:20,10:50,11:20,11:50,12:20,12:50,13:20,13:50,14:20,14:50,15:20,15:50,16:20,16:50,17:20,17:50,18:20,18:50,19:20,19:50,20:20,20:50,21:20,21:50,22:20
Invierno 2014-2015;71;MIRIBILLA - SAN IGNAZIO;Festivos y Domingos;Miribilla - San Ignazio;07:00,07:30,08:00,08:30,09:00,09:30,10:00,10:30,11:00,11:30,12:00,12:30,13:00,13:30,14:00,14:30,15:00,15:30,16:00,16:30,17:00,17:30,18:00,18:30,19:00,19:30,20:00,20:30,21:00,21:30,22:00,22:30
Invierno 2014-2015;71;MIRIBILLA - SAN IGNAZIO;Festivos y Domingos;San Ignazio - Miribilla;07:50,08:20,08:50,09:20,09:50,10:20,10:50,11:20,11:50,12:20,12:50,13:20,13:50,14:20,14:50,15:20,15:50,16:20,16:50,17:20,17:50,18:20,18:50,19:20,19:50,20:20,20:50,21:20,21:50,22:20,22:50
Invierno 2014-2015;72;LARRASKITU - CASTA헲S/GAZTELEKU;Laborables;Karitateko Alaben - Larraskitu  - Casta絪s/Gazteleku;07:30,08:00,08:30,09:00,09:30,10:00,10:30,11:00,11:30,12:00,12:30,13:00,13:30,14:00,14:30,15:00,15:30,16:00,16:30,17:00,17:30,18:00,18:30,19:00,19:30,20:00,20:30,21:00,21:30,22:00,22:30,23:00
Invierno 2014-2015;72;LARRASKITU - CASTA헲S/GAZTELEKU;Laborables;Larraskitu - Casta絪s/Gazteleku Hibrido;06:15,06:30,06:45,07:00,07:15,07:30,07:45,08:00,08:15,08:30,08:45,09:00,09:15,09:30,09:45,10:00,10:15,10:30,10:45,11:00,11:15,11:30,11:45,12:00,12:15,12:30,12:45,13:00,13:15,13:30,13:45,14:00,14:15,14:30,14:45,15:00,15:15,15:30,15:45,16:00,16:15,16:30,16:45,17:00,17:15,17:30,17:45,18:00,18:15,18:30,18:45,19:00,19:15,19:30,19:45,20:00,20:15,20:30,20:45,21:00,21:15,21:30,21:45,22:00,22:15,22:30,22:45
Invierno 2014-2015;72;LARRASKITU - CASTA헲S/GAZTELEKU;Laborables;Casta絪s/Gazteleku - Larraskitu hibrido;05:05,05:35
Invierno 2014-2015;72;LARRASKITU - CASTA헲S/GAZTELEKU;Laborables;Casta絪s/Karitateko Alaben - Larraskitu;04:40,05:10
Invierno 2014-2015;72;LARRASKITU - CASTA헲S/GAZTELEKU;S庚ados;Karitateko Alaben - Larraskitu  - Casta絪s/Gazteleku;05:40,06:10,06:40,06:55,07:10,07:25,07:40,07:55,08:10,08:25,08:40,08:55,09:10,09:25,09:40,09:55,10:10,10:25,10:40,10:55,11:10,11:25,11:40,11:55,12:10,12:25,12:40,12:55,13:10,13:25,13:40,13:55,14:10,14:25,14:40,14:55,15:10,15:25,15:40,15:55,16:10,16:25,16:40,16:55,17:10,17:25,17:40,17:55,18:10,18:25,18:40,18:55,19:10,19:25,19:40,19:55,20:10,20:25,20:40,20:55,21:10,21:25,21:40,21:55,22:10,22:25,22:40
Invierno 2014-2015;72;LARRASKITU - CASTA헲S/GAZTELEKU;S庚ados;Casta絪s/Karitateko Alaben - Larraskitu;06:40,07:00,07:20,07:40,08:00,08:20,08:40,09:00,09:20,09:40,10:00,10:20,10:40,11:00,11:20,11:40,12:00,12:20,12:40,13:00,13:20,13:40,14:00,14:20,14:40,15:00,15:20,15:40,16:00,16:20,16:40,17:00,17:20,17:40,18:00,18:20,18:40,19:00,19:20,19:40,20:00,20:20,20:40,21:00,21:20,21:40,22:00,22:20,22:40
Invierno 2014-2015;72;LARRASKITU - CASTA헲S/GAZTELEKU;Festivos y Domingos;Karitateko Alaben - Larraskitu  - Casta絪s/Gazteleku;06:40,07:00,07:20,07:40,08:00,08:20,08:40,09:00,09:20,09:40,10:00,10:20,10:40,11:00,11:20,11:40,12:00,12:20,12:40,13:00,13:20,13:40,14:00,14:20,14:40,15:00,15:20,15:40,16:00,16:20,16:40,17:00,17:20,17:40,18:00,18:20,18:40,19:00,19:20,19:40,20:00,20:20,20:40,21:00,21:20,21:40,22:00,22:20
Invierno 2014-2015;72;LARRASKITU - CASTA헲S/GAZTELEKU;Festivos y Domingos;vacio1;07:45,08:15,08:45,09:15,09:45,10:15,10:45,11:15,11:45,12:15,12:45,13:15,13:45,14:15,14:45,15:15,15:45,16:15,16:45,17:15,17:45,18:15,18:45,19:15,19:45,20:15,20:45,21:15,21:45,22:15
Invierno 2014-2015;72;LARRASKITU - CASTA헲S/GAZTELEKU;Festivos y Domingos;Casta絪s/Karitateko Alaben - Larraskitu;08:15,09:45,11:15,12:45,14:15,15:45,17:15,18:45,20:15,21:45
Invierno 2014-2015;75;SAN ADRIAN - ATXURI;Laborables;San Adri烱 - Atxuri;08:00,08:30,09:00,09:30,10:00,10:30,11:00,11:30,12:00,12:30,13:00,13:30,14:00,14:30,15:00,15:30,16:00,16:30,17:00,17:30,18:00,18:30,19:00,19:30,20:00,20:30,21:00,21:30,22:00,22:30
Invierno 2014-2015;75;SAN ADRIAN - ATXURI;Laborables;Atxuri - San Adri烱;06:30,06:45,07:00,07:15,07:30,07:45,08:00,08:15,08:30,08:45,09:00,09:15,09:30,09:45,10:00,10:15,10:30,10:45,11:00,11:15,11:30,11:45,12:00,12:15,12:30,12:45,13:00,13:15,13:30,13:45,14:00,14:15,14:30,14:45,15:00,15:15,15:30,15:45,16:00,16:15,16:30,16:45,17:00,17:15,17:30,17:45,18:00,18:15,18:30,18:45,19:00,19:15,19:30,19:45,20:00,20:15,20:30,20:45,21:00,21:15,21:30,21:45,22:00,22:15,22:30
Invierno 2014-2015;75;SAN ADRIAN - ATXURI;S庚ados;San Adri烱 - Atxuri;06:50,07:10,07:25,07:40,07:55,08:10,08:25,08:40,08:55,09:10,09:25,09:40,09:55,10:10,10:25,10:40,10:55,11:10,11:25,11:40,11:55,12:10,12:25,12:40,12:55,13:10,13:25,13:40,13:55,14:10,14:25,14:40,14:55,15:10,15:25,15:40,15:55,16:10,16:25,16:40,16:55,17:10,17:25,17:40,17:55,18:10,18:25,18:40,18:55,19:10,19:25,19:40,19:55,20:10,20:25,20:40,20:55,21:10,21:25,21:40,21:55,22:10,22:25,22:40,23:00
Invierno 2014-2015;75;SAN ADRIAN - ATXURI;S庚ados;Atxuri - San Adri烱;07:30,07:50,08:10,08:30,08:50,09:10,09:30,09:50,10:10,10:30,10:50,11:10,11:30,11:50,12:10,12:30,12:50,13:10,13:30,13:50,14:10,14:30,14:50,15:10,15:30,15:50,16:10,16:30,16:50,17:10,17:30,17:50,18:10,18:30,18:50,19:10,19:30,19:50,20:10,20:30,20:50,21:10,21:30,21:50,22:10,22:45
Invierno 2014-2015;75;SAN ADRIAN - ATXURI;Festivos y Domingos;San Adri烱 - Atxuri;08:00,08:20,08:40,09:00,09:20,09:40,10:00,10:20,10:40,11:00,11:20,11:40,12:00,12:20,12:40,13:00,13:20,13:40,14:00,14:20,14:40,15:00,15:20,15:40,16:00,16:20,16:40,17:00,17:20,17:40,18:00,18:20,18:40,19:00,19:20,19:40,20:00,20:20,20:40,21:00,21:20,21:40,22:00,22:20,22:40,23:10
Invierno 2014-2015;75;SAN ADRIAN - ATXURI;Festivos y Domingos;Atxuri - San Adri烱;08:00,08:30,09:00,09:30,10:00,10:30,11:00,11:30,12:00,12:30,13:00,13:30,14:00,14:30,15:00,15:30,16:00,16:30,17:00,17:30,18:00,18:30,19:00,19:30,20:00,20:30,21:00,21:30,22:00,22:30
Invierno 2014-2015;76;ARTATZU/XALBADOR - MOYUA;Laborables;Artatzu - Moyua;08:30,09:00,09:30,10:00,10:30,11:00,11:30,12:00,12:30,13:00,13:30,14:00,14:30,15:00,15:30,16:00,16:30,17:00,17:30,18:00,18:30,19:00,19:30,20:00,20:30,21:00,21:30,22:00,22:30,23:00
Invierno 2014-2015;76;ARTATZU/XALBADOR - MOYUA;Laborables;Artatzu/Xalbador - Moyua;07:00,07:40,08:20,09:00,09:40,10:20,11:00,11:40,12:20,13:00,13:40,14:20,15:00,15:40,16:20,17:00,17:40,18:20,19:00,19:40,20:20,21:00,21:40
Invierno 2014-2015;76;ARTATZU/XALBADOR - MOYUA;Laborables;Xalbador - Moyua;22:20
Invierno 2014-2015;76;ARTATZU/XALBADOR - MOYUA;Laborables;Moyua - Artatzu;07:20,08:00,08:40,09:20,10:00,10:40,11:20,12:00,12:40,13:20,14:00,14:40,15:20,16:00,16:40,17:20,18:00,18:40,19:20,20:00,20:40,21:20,22:00
Invierno 2014-2015;76;ARTATZU/XALBADOR - MOYUA;Laborables;Moyua - Artatzu/Xalbador;07:40,08:20,09:00,09:40,10:20,11:00,11:40,12:20,13:00,13:40,14:20,15:00,15:40,16:20,17:00,17:40,18:20,19:00,19:40,20:20,21:00,21:40,22:20
Invierno 2014-2015;76;ARTATZU/XALBADOR - MOYUA;Laborables;Moyua - Xalbador;22:50
Invierno 2014-2015;76;ARTATZU/XALBADOR - MOYUA;S庚ados;Artatzu/Xalbador - Moyua;08:00,08:40,09:20,10:00,10:40,11:20,12:00,12:40,13:20,14:00,14:40,15:20,16:00,16:40,17:20,18:00,18:40,19:20,20:00,20:40,21:20,22:00
Invierno 2014-2015;76;ARTATZU/XALBADOR - MOYUA;S庚ados;Moyua - Artatzu/Xalbador;07:30,08:00,08:30,09:00,09:30,10:00,10:30,11:00,11:30,12:00,12:30,13:00,13:30,14:00,14:30,15:00,15:30,16:00,16:30,17:00,17:30,18:00,18:30,19:00,19:30,20:00,20:30,21:00,21:30,22:00
Invierno 2014-2015;76;ARTATZU/XALBADOR - MOYUA;Festivos y Domingos;Artatzu/Xalbador - Moyua;07:45,08:15,08:45,09:15,09:45,10:15,10:45,11:15,11:45,12:15,12:45,13:15,13:45,14:15,14:45,15:15,15:45,16:15,16:45,17:15,17:45,18:15,18:45,19:15,19:45,20:15,20:45,21:15,21:45,22:15,22:45
Invierno 2014-2015;76;ARTATZU/XALBADOR - MOYUA;Festivos y Domingos;Moyua - Artatzu/Xalbador;08:00,08:45,09:30,10:15,11:00,11:45,12:30,13:15,14:00,14:45,15:30,16:15,17:00,17:45,18:30,19:15,20:00,20:45,21:30,22:15
Invierno 2014-2015;77;PE헤SCAL - MINA DEL MORRO;Laborables;Pe人scal - Mina del Morro;08:00,08:45,09:30,10:15,11:00,11:45,12:30,13:15,14:00,14:45,15:30,16:15,17:00,17:45,18:30,19:15,20:00,20:45,21:30,22:15,23:00
Invierno 2014-2015;77;PE헤SCAL - MINA DEL MORRO;Laborables;Mina del Morro - Pe人scal;06:00,06:15,06:30,06:42,06:54,07:06,07:18,07:30,07:42,07:54,08:06,08:18,08:30,08:42,08:54,09:06,09:18,09:30,09:42,09:54,10:06,10:18,10:30,10:42,10:54,11:06,11:18,11:30,11:42,11:54,12:06,12:18,12:30,12:42,12:54,13:06,13:18,13:30,13:42,13:54,14:06,14:18,14:30,14:42,14:54,15:06,15:18,15:30,15:42,15:54,16:06,16:18,16:30,16:42,16:54,17:06,17:18,17:30,17:42,17:54,18:06,18:18,18:30,18:42,18:54,19:06,19:18,19:30,19:42,19:54,20:06,20:18,20:30,20:42,20:54,21:06,21:20,21:40,22:00,22:20
Invierno 2014-2015;77;PE헤SCAL - MINA DEL MORRO;Laborables;Mina del Morro - Pe人scal por Casta絪s;06:10,06:30,06:42,06:54,07:06,07:18,07:30,07:42,07:54,08:06,08:18,08:30,08:42,08:54,09:06,09:18,09:30,09:42,09:54,10:06,10:18,10:30,10:42,10:54,11:06,11:18,11:30,11:42,11:54,12:06,12:18,12:30,12:42,12:54,13:06,13:18,13:30,13:42,13:54,14:06,14:18,14:30,14:42,14:54,15:06,15:18,15:30,15:42,15:54,16:06,16:18,16:30,16:42,16:54,17:06,17:18,17:30,17:42,17:54,18:06,18:18,18:30,18:42,18:54,19:06,19:18,19:30,19:42,19:54,20:06,20:18,20:30,20:42,20:54,21:06,21:20,21:40,22:00,22:20
Invierno 2014-2015;77;PE헤SCAL - MINA DEL MORRO;S庚ados;Pe人scal - Mina del Morro;22:40,23:00
Invierno 2014-2015;77;PE헤SCAL - MINA DEL MORRO;S庚ados;Mina del Morro - Pe人scal;06:30,07:00,07:20,07:40,08:00,08:20,08:40,09:00,09:20,09:40,10:00,10:20,10:40,11:00,11:20,11:40,12:00,12:20,12:40,13:00,13:20,13:40,14:00,14:20,14:40,15:00,15:20,15:40,16:00,16:15,16:30,16:45,17:00,17:15,17:30,17:45,18:00,18:15,18:30,18:45,19:00,19:15,19:30,19:45,20:00,20:15,20:30,20:45,21:00,21:15,21:30,21:45,22:00,22:20,22:40
Invierno 2014-2015;77;PE헤SCAL - MINA DEL MORRO;S庚ados;Mina del Morro - Pe人scal por Casta絪s;07:30,07:50,08:10,08:30,08:50,09:10,09:30,09:50,10:10,10:30,10:50,11:10,11:30,11:50,12:10,12:30,12:50,13:10,13:30,13:50,14:10,14:30,14:50,15:10,15:30,15:50,16:10,16:30,16:45,17:00,17:15,17:30,17:45,18:00,18:15,18:30,18:45,19:00,19:15,19:30,19:45,20:00,20:15,20:30,20:45,21:00,21:15,21:30,21:45,22:00,22:20
Invierno 2014-2015;77;PE헤SCAL - MINA DEL MORRO;Festivos y Domingos;Pe人scal - Mina del Morro;22:40,23:00
Invierno 2014-2015;77;PE헤SCAL - MINA DEL MORRO;Festivos y Domingos;Mina del Morro - Pe人scal;08:00,08:25,08:50,09:15,09:40,10:05,10:30,10:55,11:20,11:45,12:10,12:35,13:00,13:25,13:50,14:15,14:40,15:05,15:30,15:50,16:10,16:30,16:50,17:10,17:30,17:50,18:10,18:30,18:50,19:10,19:30,19:50,20:10,20:30,20:50,21:10,21:30,21:50,22:10,22:30
Invierno 2014-2015;77;PE헤SCAL - MINA DEL MORRO;Festivos y Domingos;Mina del Morro - Pe人scal por Casta絪s;08:00,08:25,08:50,09:15,09:40,10:05,10:30,10:55,11:20,11:45,12:10,12:35,13:00,13:25,13:50,14:15,14:40,15:05,15:30,15:55,16:20,16:40,17:00,17:20,17:40,18:00,18:20,18:40,19:00,19:20,19:40,20:00,20:20,20:40,21:00,21:20,21:40,22:00,22:20
Invierno 2014-2015;85;ZAZPILANDA - ATXURI;Laborables;Zazpilanda - Atxuri;22:40,23:00
Invierno 2014-2015;85;ZAZPILANDA - ATXURI;Laborables;Atxuri - Zazpilanda;06:20,06:40,07:00,07:20,07:40,08:00,08:20,08:40,09:00,09:20,09:40,10:00,10:20,10:40,11:00,11:20,11:40,12:00,12:20,12:40,13:00,13:20,13:40,14:00,14:20,14:40,15:00,15:20,15:40,16:00,16:20,16:40,17:00,17:20,17:40,18:00,18:20,18:40,19:00,19:20,19:40,20:00,20:20,20:40,21:00,21:20,21:40,22:00
Invierno 2014-2015;85;ZAZPILANDA - ATXURI;S庚ados;Zazpilanda - Atxuri;07:10,07:30,07:50,08:10,08:30,08:50,09:10,09:30,09:50,10:10,10:30,10:50,11:10,11:30,11:50,12:10,12:30,12:50,13:10,13:30,13:50,14:10,14:30,14:50,15:10,15:30,15:50,16:10,16:30,16:50,17:10,17:30,17:50,18:10,18:30,18:50,19:10,19:30,19:50,20:10,20:30,20:50,21:10,21:30,21:50,22:10,22:30,22:45
Invierno 2014-2015;85;ZAZPILANDA - ATXURI;S庚ados;Atxuri - Zazpilanda;06:45,07:15,07:45,08:15,08:45,09:15,09:45,10:15,10:45,11:15,11:45,12:15,12:45,13:15,13:45,14:15,14:45,15:15,15:45,16:15,16:45,17:15,17:45,18:15,18:45,19:15,19:45,20:15,20:45,21:15,21:45,22:15
Invierno 2014-2015;85;ZAZPILANDA - ATXURI;Festivos y Domingos;Zazpilanda - Atxuri;07:00,07:30,08:00,08:30,09:00,09:30,10:00,10:30,11:00,11:30,12:00,12:30,13:00,13:30,14:00,14:30,15:00,15:30,16:00,16:30,17:00,17:30,18:00,18:30,19:00,19:30,20:00,20:30,21:00,21:30,22:00,22:30,23:00
Invierno 2014-2015;85;ZAZPILANDA - ATXURI;Festivos y Domingos;Atxuri - Zazpilanda;07:05,07:45,08:25,09:05,09:45,10:25,11:05,11:45,12:25,13:05,13:45,14:25,15:05,15:45,16:25,17:05,17:45,18:25,19:05,19:45,20:25,21:05,21:45,22:25
Invierno 2014-2015;88;KASTREXANA - INDAUTXU;Laborables;Kastrexana - Indautxu201005;07:50,08:30,09:10,09:50,10:30,11:10,11:50,12:30,13:10,13:50,14:30,15:10,15:50,16:30,17:10,17:50,18:30,19:10,19:50,20:30,21:10,21:50,22:30
Invierno 2014-2015;88;KASTREXANA - INDAUTXU;Laborables;Indautxu - Kastrexana201005;06:30,07:30,08:30,09:30,10:30,11:30,12:30,13:30,14:30,15:30,16:30,17:30,18:30,19:30,20:30,21:30
Invierno 2014-2015;88;KASTREXANA - INDAUTXU;S庚ados;Kastrexana - Indautxu201005;07:00,08:00,09:00,10:00,11:00,12:00,13:00,14:00,15:00,16:00,17:00,18:00,19:00,20:00,21:00,22:00
Invierno 2014-2015;88;KASTREXANA - INDAUTXU;S庚ados;Indautxu - Kastrexana201005;07:30,08:30,09:30,10:30,11:30,12:30,13:30,14:30,15:30,16:30,17:30,18:30,19:30,20:30,21:30
Invierno 2014-2015;88;KASTREXANA - INDAUTXU;Festivos y Domingos;Kastrexana - Indautxu201005;08:00,09:00,10:00,11:00,12:00,13:00,14:00,15:00,16:00,17:00,18:00,19:00,20:00,21:00,22:00
Invierno 2014-2015;88;KASTREXANA - INDAUTXU;Festivos y Domingos;Indautxu - Kastrexana201005;07:30,08:30,09:30,10:30,11:30,12:30,13:30,14:30,15:30,16:30,17:30,18:30,19:30,20:30,21:30
Invierno 2014-2015;A1;ASUNCION - PLAZA BIRIBILA;Laborables;Asunci蚤 - Ayala;08:00,09:00,10:00,11:00,12:00,13:00,14:00,15:00,16:00,17:00,18:00,19:00,20:00,21:00,22:00
Invierno 2014-2015;A1;ASUNCION - PLAZA BIRIBILA;Laborables;Ayala - Asunci蚤;06:35,07:35,08:35,09:35,10:35,11:35,12:35,13:35,14:35,15:35,16:35,17:35,18:35,19:35,20:35,21:35
Invierno 2014-2015;A1;ASUNCION - PLAZA BIRIBILA;S庚ados;Asunci蚤 - Ayala;07:05,08:05,09:05,10:05,11:05,12:05,13:05,14:05,15:05,16:05,17:05,18:05,19:05,20:05,21:05,22:05
Invierno 2014-2015;A1;ASUNCION - PLAZA BIRIBILA;S庚ados;Ayala - Asunci蚤;07:35,08:35,09:35,10:35,11:35,12:35,13:35,14:35,15:35,16:35,17:35,18:35,19:35,20:35,21:35
Invierno 2014-2015;A1;ASUNCION - PLAZA BIRIBILA;Festivos y Domingos;Asunci蚤 - Ayala;08:05,09:05,10:05,11:05,12:05,13:05,14:05,15:05,16:05,17:05,18:05,19:05,20:05,21:05,22:05
Invierno 2014-2015;A1;ASUNCION - PLAZA BIRIBILA;Festivos y Domingos;Ayala - Asunci蚤;08:35,09:35,10:35,11:35,12:35,13:35,14:35,15:35,16:35,17:35,18:35,19:35,20:35,21:35
Invierno 2014-2015;A2;SOLOKOETXE - PLAZA BIRIBILA;Laborables;Solokoetxe - Plaza Biribila;09:05,10:05,11:05,12:05,13:05,14:05,15:05,16:05,17:05,18:05,19:05,20:05,21:05,22:05
Invierno 2014-2015;A2;SOLOKOETXE - PLAZA BIRIBILA;Laborables;Plaza Biribila - Solokoetxe;07:20,07:50,08:20,08:50,09:20,09:50,10:20,10:50,11:20,11:50,12:20,12:50,13:20,13:50,14:20,14:50,15:20,15:50,16:20,16:50,17:20,17:50,18:20,18:50,19:20,19:50,20:20,20:50,21:20,21:50
Invierno 2014-2015;A2;SOLOKOETXE - PLAZA BIRIBILA;S庚ados;Solokoetxe - Plaza Biribila;07:30,08:00,08:30,09:00,09:30,10:00,10:30,11:00,11:30,12:00,12:30,13:00,13:30,14:00,14:30,15:00,15:30,16:00,16:30,17:00,17:30,18:00,18:30,19:00,19:30,20:00,20:30,21:00,21:30,22:00
Invierno 2014-2015;A2;SOLOKOETXE - PLAZA BIRIBILA;S庚ados;Plaza Biribila - Solokoetxe;07:20,07:50,08:20,08:50,09:20,09:50,10:20,10:50,11:20,11:50,12:20,12:50,13:20,13:50,14:20,14:50,15:20,15:50,16:20,16:50,17:20,17:50,18:20,18:50,19:20,19:50,20:20,20:50,21:20,21:50
Invierno 2014-2015;A2;SOLOKOETXE - PLAZA BIRIBILA;Festivos y Domingos;Solokoetxe - Plaza Biribila;07:30,08:00,08:30,09:00,09:30,10:00,10:30,11:00,11:30,12:00,12:30,13:00,13:30,14:00,14:30,15:00,15:30,16:00,16:30,17:00,17:30,18:00,18:30,19:00,19:30,20:00,20:30,21:00,21:30,22:00
Invierno 2014-2015;A2;SOLOKOETXE - PLAZA BIRIBILA;Festivos y Domingos;Plaza Biribila - Solokoetxe;07:50,08:20,08:50,09:20,09:50,10:20,10:50,11:20,11:50,12:20,12:50,13:20,13:50,14:20,14:50,15:20,15:50,16:20,16:50,17:20,17:50,18:20,18:50,19:20,19:50,20:20,20:50,21:20,21:50
Invierno 2014-2015;A3;OLABEAGA - MOYUA;Laborables;Olabeaga - Moyua  2013;08:00,08:30,09:00,09:30,10:00,10:30,11:00,11:30,12:00,12:30,13:00,13:30,14:00,14:30,15:00,15:30,16:00,16:30,17:00,17:30,18:00,18:30,19:00,19:30,20:00,20:30,21:00,21:30,22:00
Invierno 2014-2015;A3;OLABEAGA - MOYUA;Laborables;Moyua - Olabeaga 2013;06:30,07:00,07:30,08:00,08:30,08:50,09:10,09:30,09:50,10:10,10:30,10:50,11:10,11:30,11:50,12:10,12:30,12:50,13:10,13:30,14:00,14:30,15:00,15:30,16:00,16:30,17:00,17:30,17:50,18:10,18:30,18:50,19:10,19:30,19:50,20:10,20:30,21:00,21:30,22:00,22:30
Invierno 2014-2015;A3;OLABEAGA - MOYUA;S庚ados;Olabeaga - Moyua  2013;06:45,07:15,07:45,08:15,08:45,09:05,09:25,09:45,10:05,10:25,10:45,11:05,11:25,11:45,12:05,12:25,12:45,13:05,13:25,13:45,14:15,14:45,15:15,15:45,16:15,16:45,17:15,17:45,18:05,18:25,18:45,19:05,19:25,19:45,20:05,20:25,20:45,21:15,21:45,22:15,22:45
Invierno 2014-2015;A3;OLABEAGA - MOYUA;S庚ados;Moyua - Olabeaga 2013;07:30,08:00,08:30,09:00,09:30,10:00,10:30,11:00,11:30,12:00,12:30,13:00,13:30,14:00,14:30,15:00,15:30,16:00,16:30,17:00,17:30,18:00,18:30,19:00,19:30,20:00,20:30,21:00,21:30,22:00
Invierno 2014-2015;A3;OLABEAGA - MOYUA;Festivos y Domingos;Olabeaga - Moyua  2013;07:45,08:15,08:45,09:15,09:45,10:15,10:45,11:15,11:45,12:15,12:45,13:15,13:45,14:15,14:45,15:15,15:45,16:15,16:45,17:15,17:45,18:15,18:45,19:15,19:45,20:15,20:45,21:15,21:45,22:15
Invierno 2014-2015;A3;OLABEAGA - MOYUA;Festivos y Domingos;Moyua - Olabeaga 2013;08:30,09:00,09:30,10:00,10:30,11:00,11:30,12:00,12:30,13:00,13:30,14:00,14:30,15:00,15:30,16:00,16:30,17:00,17:30,18:00,18:30,19:00,19:30,20:00,20:30,21:00,21:30,22:00
Invierno 2014-2015;A4;ZORROTZAURRE - DEUSTU;Laborables;Zorrotzaurre - Deustu;08:45,09:15,09:45,10:15,10:45,11:15,11:45,12:15,12:45,13:15,13:45,14:15,14:45,15:15,15:45,16:15,16:45,17:15,17:45,18:15,18:45,19:15,19:45,20:15,20:45,21:15,21:45,22:15
Invierno 2014-2015;A4;ZORROTZAURRE - DEUSTU;Laborables;Deustu - Zorrotzaurre;05:55,06:25,06:55,07:25,07:55,08:25,08:55,09:25,09:55,10:25,10:55,11:25,11:55,12:25,12:55,13:25,13:55,14:25,14:55,15:25,15:55,16:25,16:55,17:25,17:55,18:25,18:55,19:25,19:55,20:25,20:55,21:25,21:55,22:25
Invierno 2014-2015;A4;ZORROTZAURRE - DEUSTU;S庚ados;Zorrotzaurre - Deustu;06:15,06:45,07:15,07:45,08:15,08:45,09:15,09:45,10:15,10:45,11:15,11:45,12:15,12:45,13:15,13:45,14:15,14:45,15:15,15:45,16:15,16:45,17:15,17:45,18:15,18:45,19:15,19:45,20:15,20:45,21:15,21:45,22:15,22:45
Invierno 2014-2015;A4;ZORROTZAURRE - DEUSTU;S庚ados;Deustu - Zorrotzaurre;06:55,07:25,07:55,08:25,08:55,09:25,09:55,10:25,10:55,11:25,11:55,12:25,12:55,13:25,13:55,14:25,14:55,15:25,15:55,16:25,16:55,17:25,17:55,18:25,18:55,19:25,19:55,20:25,20:55,21:25,21:55,22:25
Invierno 2014-2015;A4;ZORROTZAURRE - DEUSTU;Festivos y Domingos;Zorrotzaurre - Deustu;07:15,07:45,08:15,08:45,09:15,09:45,10:15,10:45,11:15,11:45,12:15,12:45,13:15,13:45,14:15,14:45,15:15,15:45,16:15,16:45,17:15,17:45,18:15,18:45,19:15,19:45,20:15,20:45,21:15,21:45,22:15,22:45
Invierno 2014-2015;A4;ZORROTZAURRE - DEUSTU;Festivos y Domingos;Deustu - Zorrotzaurre;07:55,08:25,08:55,09:25,09:55,10:25,10:55,11:25,11:55,12:25,12:55,13:25,13:55,14:25,14:55,15:25,15:55,16:25,16:55,17:25,17:55,18:25,18:55,19:25,19:55,20:25,20:55,21:25,21:55,22:25,22:55
Invierno 2014-2015;A5;PRIM - PLAZA BIRIBILA;Laborables;Prim - Mazarredo;08:15,08:45,09:15,09:45,10:15,10:45,11:15,11:45,12:15,12:45,13:15,13:45,14:15,14:45,15:15,15:45,16:15,16:45,17:15,17:45,18:15,18:45,19:15,19:45,20:15,20:45,21:15,21:45,22:15,22:45,23:15
Invierno 2014-2015;A5;PRIM - PLAZA BIRIBILA;Laborables;Mazarredo - Prim;06:55,07:25,07:55,08:25,08:55,09:25,09:55,10:25,10:55,11:25,11:55,12:25,12:55,13:25,13:55,14:25,14:55,15:25,15:55,16:25,16:55,17:25,17:55,18:25,18:55,19:25,19:55,20:25,20:55,21:25,21:55
Invierno 2014-2015;A5;PRIM - PLAZA BIRIBILA;S庚ados;Prim - Mazarredo;06:45,07:15,07:45,08:15,08:45,09:15,09:45,10:15,10:45,11:15,11:45,12:15,12:45,13:15,13:45,14:15,14:45,15:15,15:45,16:15,16:45,17:15,17:45,18:15,18:45,19:15,19:45,20:15,20:45,21:15,21:45,22:15
Invierno 2014-2015;A5;PRIM - PLAZA BIRIBILA;S庚ados;Mazarredo - Prim;07:25,07:55,08:25,08:55,09:25,09:55,10:25,10:55,11:25,11:55,12:25,12:55,13:25,13:55,14:25,14:55,15:25,15:55,16:25,16:55,17:25,17:55,18:25,18:55,19:25,19:55,20:25,20:55,21:25,21:55
Invierno 2014-2015;A5;PRIM - PLAZA BIRIBILA;Festivos y Domingos;Prim - Mazarredo;07:15,07:45,08:15,08:45,09:15,09:45,10:15,10:45,11:15,11:45,12:15,12:45,13:15,13:45,14:15,14:45,15:15,15:45,16:15,16:45,17:15,17:45,18:15,18:45,19:15,19:45,20:15,20:45,21:15,21:45,22:15
Invierno 2014-2015;A5;PRIM - PLAZA BIRIBILA;Festivos y Domingos;Mazarredo - Prim;07:55,08:25,08:55,09:25,09:55,10:25,10:55,11:25,11:55,12:25,12:55,13:25,13:55,14:25,14:55,15:25,15:55,16:25,16:55,17:25,17:55,18:25,18:55,19:25,19:55,20:25,20:55,21:25,21:55
Invierno 2014-2015;A6;ARANGOITI - DEUSTU;Laborables;Arangoiti - Deustu;07:45,08:15,08:45,09:15,09:45,10:15,10:45,11:15,11:45,12:15,12:45,13:15,13:45,14:15,14:45,15:15,15:45,16:15,16:45,17:15,17:45,18:15,18:45,19:15,19:45,20:15,20:45,21:15,21:45,22:15
Invierno 2014-2015;A6;ARANGOITI - DEUSTU;Laborables;Deustu - Arangoiti;07:10,07:25,07:40,07:55,08:10,08:25,08:40,08:55,09:10,09:25,09:40,09:55,10:10,10:25,10:40,10:55,11:10,11:25,11:40,11:55,12:10,12:25,12:40,12:55,13:10,13:25,13:40,13:55,14:10,14:25,14:40,14:55,15:10,15:25,15:40,15:55,16:10,16:25,16:40,16:55,17:10,17:25,17:40,17:55,18:10,18:25,18:40,18:55,19:10,19:25,19:40,19:55,20:10,20:25,20:40,20:55,21:10,21:25,21:40,21:55,22:10,22:25,22:40
Invierno 2014-2015;A6;ARANGOITI - DEUSTU;S庚ados;Arangoiti - Deustu;07:30,07:45,08:00,08:15,08:30,08:45,09:00,09:15,09:30,09:45,10:00,10:15,10:30,10:45,11:00,11:15,11:30,11:45,12:00,12:15,12:30,12:45,13:00,13:15,13:30,13:45,14:00,14:15,14:30,14:45,15:00,15:15,15:30,15:45,16:00,16:15,16:30,16:45,17:00,17:15,17:30,17:45,18:00,18:15,18:30,18:45,19:00,19:15,19:30,19:45,20:00,20:15,20:30,20:45,21:00,21:15,21:30,21:45,22:00,22:15,22:30,22:45,23:00
Invierno 2014-2015;A6;ARANGOITI - DEUSTU;S庚ados;Deustu - Arangoiti;07:40,07:55,08:10,08:25,08:40,08:55,09:10,09:25,09:40,09:55,10:10,10:25,10:40,10:55,11:10,11:25,11:40,11:55,12:10,12:25,12:40,12:55,13:10,13:25,13:40,13:55,14:10,14:25,14:40,14:55,15:10,15:25,15:40,15:55,16:10,16:25,16:40,16:55,17:10,17:25,17:40,17:55,18:10,18:25,18:40,18:55,19:10,19:25,19:40,19:55,20:10,20:25,20:40,20:55,21:10,21:25,21:40,21:55,22:10,22:25,22:40
Invierno 2014-2015;A6;ARANGOITI - DEUSTU;Festivos y Domingos;Arangoiti - Deustu;08:00,08:15,08:30,08:45,09:00,09:15,09:30,09:45,10:00,10:15,10:30,10:45,11:00,11:15,11:30,11:45,12:00,12:15,12:30,12:45,13:00,13:15,13:30,13:45,14:00,14:15,14:30,14:45,15:00,15:15,15:30,15:45,16:00,16:15,16:30,16:45,17:00,17:15,17:30,17:45,18:00,18:15,18:30,18:45,19:00,19:15,19:30,19:45,20:00,20:15,20:30,20:45,21:00,21:15,21:30,21:45,22:00,22:15,22:30,22:45,23:00
Invierno 2014-2015;A6;ARANGOITI - DEUSTU;Festivos y Domingos;Deustu - Arangoiti;08:10,08:40,09:10,09:40,10:10,10:40,11:10,11:40,12:10,12:40,13:10,13:40,14:10,14:40,15:10,15:40,16:10,16:40,17:10,17:40,18:10,18:40,19:10,19:40,20:10,20:40,21:10,21:40,22:10,22:40
Invierno 2014-2015;A7;ARTXANDA - ARENAL;Laborables;Artxanda - Arenal;08:30,09:00,09:30,10:00,10:30,11:00,11:30,12:00,12:30,13:00,13:30,14:00,14:30,15:00,15:30,16:00,16:30,17:00,17:30,18:00,18:30,19:00,19:30,20:00,20:30,21:00,21:30,22:00,22:30,23:00
Invierno 2014-2015;A7;ARTXANDA - ARENAL;Laborables;Arenal -  Artxanda;08:00,09:00,10:00,11:00,12:00,13:00,14:00,15:00,16:00,17:00,18:00,19:00,20:00,21:00,22:00,23:00
Invierno 2014-2015;A7;ARTXANDA - ARENAL;S庚ados;Artxanda - Arenal;07:15,08:15,09:15,10:15,11:15,12:15,13:15,14:15,15:15,16:15,17:15,18:15,19:15,20:15,21:15,22:15
Invierno 2014-2015;A7;ARTXANDA - ARENAL;S庚ados;Arenal -  Artxanda;09:00,10:00,11:00,12:00,13:00,14:00,15:00,16:00,17:00,18:00,19:00,20:00,21:00,22:00,23:00
Invierno 2014-2015;A7;ARTXANDA - ARENAL;Festivos y Domingos;Artxanda - Arenal;08:15,09:15,10:15,11:15,12:15,13:15,14:15,15:15,16:15,17:15,18:15,19:15,20:15,21:15,22:15
Invierno 2014-2015;A7;ARTXANDA - ARENAL;Festivos y Domingos;Arenal -  Artxanda;09:00,10:00,11:00,12:00,13:00,14:00,15:00,16:00,17:00,18:00,19:00,20:00,21:00,22:00,23:00
Invierno 2014-2015;A8;SAN JUSTO - AMETZOLA;Laborables;San Justo - Ametzola;08:15,09:15,10:15,11:15,12:15,13:15,14:15,15:15,16:15,17:15,18:15,19:15,20:15,21:15,22:15
Invierno 2014-2015;A8;SAN JUSTO - AMETZOLA;Laborables;Ametzola - San Justo;08:00,09:00,10:00,11:00,12:00,13:00,14:00,15:00,16:00,17:00,18:00,19:00,20:00
Invierno 2014-2015;A8;SAN JUSTO - AMETZOLA;S庚ados;San Justo - Ametzola;08:30,09:30,10:30,11:30,12:30,13:30,14:30,15:30,16:30,17:30,18:30,19:30,20:30
Invierno 2014-2015;A8;SAN JUSTO - AMETZOLA;S庚ados;Ametzola - San Justo;09:00,10:00,11:00,12:00,13:00,14:00,15:00,16:00,17:00,18:00,19:00,20:00,21:00
Invierno 2014-2015;A8;SAN JUSTO - AMETZOLA;Festivos y Domingos;San Justo - Ametzola;09:30,10:30,11:30,12:30,13:30,14:30,15:30,16:30,17:30,18:30,19:30,20:30,21:30
Invierno 2014-2015;A8;SAN JUSTO - AMETZOLA;Festivos y Domingos;Ametzola - San Justo;09:00,10:00,11:00,12:00,13:00,14:00,15:00,16:00,17:00,18:00,19:00,20:00,21:00
Invierno 2014-2015;G1;ARABELLA - MOYUA;Laborables;Arabella - Moyua;09:30,10:30,11:30,12:30,13:30,14:30,15:30,16:30,17:30,18:30,19:30,20:30,21:30
Invierno 2014-2015;G1;ARABELLA - MOYUA;Laborables;Moyua - Arabella;23:00,23:30,00:00,00:30,01:00,01:30
Invierno 2014-2015;G1;ARABELLA - MOYUA;S庚ados;Arabella - Moyua;23:30,00:00,00:30,01:00,01:30,02:00
Invierno 2014-2015;G1;ARABELLA - MOYUA;S庚ados;Moyua - Arabella;23:00,23:30,00:00,00:30,01:00,01:30,02:00,02:30,03:00,03:30,04:00,04:30,05:00,05:30,06:00,06:30,07:00
Invierno 2014-2015;G2;OTXARKOAGA - PLAZA BIRIBILA;Laborables;Otxarkoaga - PL Biribila/Ayala;07:30,23:30,00:00,00:30,01:00,01:30,02:00,02:30,03:00,03:30,04:00,04:30,05:00,05:30,06:00,06:30,07:00
Invierno 2014-2015;G2;OTXARKOAGA - PLAZA BIRIBILA;Laborables;PL Biribila/Ayala - Otxarkoaga;23:55,00:25,00:55,01:25
Invierno 2014-2015;G2;OTXARKOAGA - PLAZA BIRIBILA;S庚ados;Otxarkoaga - PL Biribila/Ayala;00:30,01:00,01:30,02:00
Invierno 2014-2015;G2;OTXARKOAGA - PLAZA BIRIBILA;S庚ados;PL Biribila/Ayala - Otxarkoaga;23:55,00:25,00:55,01:25,01:55,02:25,02:55,03:25,03:55,04:25,04:55,05:25,05:55,06:25
Invierno 2014-2015;G3;LARRASKITU - PLAZA BIRIBILA;Laborables;Larraskitu - P.Biribila/GV;00:30,01:00,01:30,02:00,02:30,03:00,03:30,04:00,04:30,05:00,05:30,06:00,06:30,07:00
Invierno 2014-2015;G3;LARRASKITU - PLAZA BIRIBILA;Laborables;P.Biribila/GV - Larraskitu;23:10,23:40,00:10,00:40,01:10,01:40
Invierno 2014-2015;G3;LARRASKITU - PLAZA BIRIBILA;S庚ados;Larraskitu - P.Biribila/GV;23:30,00:00,00:30,01:00,01:30,02:00
Invierno 2014-2015;G3;LARRASKITU - PLAZA BIRIBILA;S庚ados;P.Biribila/GV - Larraskitu;23:10,23:40,00:10,00:40,01:10,01:40,02:10,02:40,03:10,03:40,04:10,04:40,05:10,05:40,06:10,06:40
Invierno 2014-2015;G3;LARRASKITU - PLAZA BIRIBILA;Festivos y Domingos;Larraskitu - P.Biribila/GV;23:30,00:00,00:30,01:00,01:30,02:00,02:30,03:00,03:30,04:00,04:30,05:00,05:30,06:00
Invierno 2014-2015;G3;LARRASKITU - PLAZA BIRIBILA;Festivos y Domingos;P.Biribila/GV - Larraskitu;07:10,07:40
Invierno 2014-2015;G4;LA PE헤 - PLAZA BIRIBILA;Laborables;La Pe人 - Plaza Biribila/Ayala;06:30,07:00,07:30
Invierno 2014-2015;G4;LA PE헤 - PLAZA BIRIBILA;Laborables;Plaza Biribila/Ayala - La Pe人;23:00,23:30,00:00,00:30,01:00,01:30
Invierno 2014-2015;G4;LA PE헤 - PLAZA BIRIBILA;S庚ados;La Pe人 - Plaza Biribila/Ayala;23:30,00:00,00:30,01:00,01:30,02:00
Invierno 2014-2015;G4;LA PE헤 - PLAZA BIRIBILA;S庚ados;Plaza Biribila/Ayala - La Pe人;23:00,23:30,00:00,00:30,01:00,01:30,02:00,02:30,03:00,03:30,04:00,04:30,05:00,05:30,06:00,06:30
Invierno 2014-2015;G5;SAN ADRIAN / MIRIBILLA - PLAZA BIRIBILA;Laborables;S.Adri烱/Miribilla - P.Biribila/HA;23:30,00:00,00:30,01:00,01:30,02:00,02:30,03:00,03:30,04:00,04:30,05:00,05:30,06:00,06:30,07:00
Invierno 2014-2015;G5;SAN ADRIAN / MIRIBILLA - PLAZA BIRIBILA;Laborables;P.Biribila/HA - S.Adri烱/Miribilla;23:00,23:30,00:00,00:30,01:00,01:30
Invierno 2014-2015;G5;SAN ADRIAN / MIRIBILLA - PLAZA BIRIBILA;S庚ados;S.Adri烱/Miribilla - P.Biribila/HA;23:30,00:00,00:30,01:00,01:30,02:00
Invierno 2014-2015;G5;SAN ADRIAN / MIRIBILLA - PLAZA BIRIBILA;S庚ados;P.Biribila/HA - S.Adri烱/Miribilla;23:00,23:30,00:00,00:30,01:00,01:30,02:00,02:30,03:00,03:30,04:00,04:30,05:00,05:30,06:00,06:30
Invierno 2014-2015;G6;ALTAMIRA/ZORROTZA - PLAZA BIRIBILA;Laborables;Altamira/Zorrotza - Plaza Biribila/GV;23:30,00:00,00:30,01:00,01:30,02:00,02:30,03:00,03:30,04:00,04:30,05:00,05:30,06:00,06:30,07:00
Invierno 2014-2015;G6;ALTAMIRA/ZORROTZA - PLAZA BIRIBILA;Laborables;Plaza Biribila/GV - Altamira/Zorrotza;23:00,23:30,00:00,00:30,01:00,01:30
Invierno 2014-2015;G6;ALTAMIRA/ZORROTZA - PLAZA BIRIBILA;S庚ados;Altamira/Zorrotza - Plaza Biribila/GV;23:30,00:00,00:30,01:00,01:30,02:00
Invierno 2014-2015;G6;ALTAMIRA/ZORROTZA - PLAZA BIRIBILA;S庚ados;Plaza Biribila/GV - Altamira/Zorrotza;23:00,23:30,00:00,00:30,01:00,01:30,02:00,02:30,03:00,03:30,04:00,04:30,05:00,05:40,06:00,06:30
Invierno 2014-2015;G7;MINA DEL MORRO - PLAZA BIRIBILA;Laborables;Mina del Morro - P. Biribila/GV;23:30,00:00,00:30,01:00,01:30,02:00,02:30,03:00,03:30,04:00,04:30,05:00,05:30,06:00,06:30,07:00
Invierno 2014-2015;G7;MINA DEL MORRO - PLAZA BIRIBILA;Laborables;P.Biribila/GV -  Mina del Morro;23:00,23:30,00:00,00:30,01:00,01:30
Invierno 2014-2015;G7;MINA DEL MORRO - PLAZA BIRIBILA;S庚ados;Mina del Morro - P. Biribila/GV;23:30,00:00,00:30,01:00,01:30,02:00
Invierno 2014-2015;G7;MINA DEL MORRO - PLAZA BIRIBILA;S庚ados;P.Biribila/GV -  Mina del Morro;23:00,23:30,00:00,00:30,01:00,01:30,02:00,02:30,03:00,03:30,04:00,04:30,05:00,05:30,06:00,06:30,07:00
Invierno 2014-2015;G8;ARANGOITI - PLAZA BIRIBILA;Laborables;Arangoiti - Plaza Biribila/GV;07:30,23:30,00:00,00:30,01:00,01:30,02:00,02:30,03:00,03:30,04:00,04:30,05:00,05:30,06:00,06:30,07:00
Invierno 2014-2015;G8;ARANGOITI - PLAZA BIRIBILA;Laborables;Plaza Biribila/GV - Arangoiti;23:00,23:30,00:00,00:30,01:00,01:30
Invierno 2014-2015;G8;ARANGOITI - PLAZA BIRIBILA;S庚ados;Arangoiti - Plaza Biribila/GV;23:30,00:00,00:30,01:00,01:30,02:00
Invierno 2014-2015;G8;ARANGOITI - PLAZA BIRIBILA;S庚ados;Plaza Biribila/GV - Arangoiti;23:00,23:30,00:00,00:30,01:00,01:30,02:00,02:30,03:00,03:30,04:00,04:30,05:00,05:30,06:00,06:30,07:00
Invierno 2014-2015;G8;ARANGOITI - PLAZA BIRIBILA;S庚ados;Plaza Biribila/GV - Arangoiti;23:30,00:00,00:30,01:00,01:30,02:00,02:30,03:00,03:30,04:00,04:30,05:00,05:30,06:00,06:30,07:00
